feat	id
TSPAN6	0
CFH	1
FUCA2	2
GCLC	3
ENPP4	4
SEMA3F	5
CFTR	6
CD99	7
HS3ST1	8
AOC1	9
HECW1	10
MAD1L1	11
TMEM176A	12
KLHL13	13
CYP26B1	14
ICA1	15
DBNDD1	16
CASP10	17
CFLAR	18
TFPI	19
SLC7A2	20
SARM1	21
PLXND1	22
HSPB6	23
ARHGAP33	24
PDK4	25
ABCB5	26
PRSS22	27
SKAP2	28
HOXA11	29
ACSM3	30
FAM214B	31
COPZ2	32
PRKAR2B	33
TSPOAP1	34
CROT	35
SOX8	36
ITGA3	37
CRLF1	38
OSBPL7	39
TMEM98	40
YBX2	41
MAP3K14	42
TMEM132A	43
CX3CL1	44
TNFRSF12A	45
DLX6	46
BAIAP2L1	47
ETV1	48
ALDH3B1	49
TTC22	50
CCL26	51
USH1C	52
GTF2IRD1	53
ARHGAP44	54
SCIN	55
ARSD	56
PNPLA4	57
PRSS21	58
PROM1	59
DNAH9	60
GAS7	61
TRAPPC6A	62
MATK	63
PAX6	64
RHBDF1	65
BAIAP3	66
TEAD3	67
MYLIP	68
TFAP2B	69
CYTH3	70
CYB561	71
CELSR3	72
AASS	73
PLEKHG6	74
MGST1	75
NFIX	76
ST3GAL1	77
IL32	78
MAPK8IP2	79
TRAF3IP3	80
MLXIPL	81
ETV7	82
DYRK4	83
CD9	84
IFFO1	85
GIPR	86
FUZ	87
IDS	88
PRSS3	89
HFE	90
FYN	91
MRC2	92
NME1-NME2	93
TSPAN9	94
ANOS1	95
SYT7	96
PLAUR	97
ANLN	98
DCN	99
TMEM159	100
GABRA3	101
CD22	102
SEMA3B	103
ELOVL5	104
ALOX5	105
KDM5D	106
EHD3	107
CLDN11	108
MVP	109
GPRC5A	110
MAMLD1	111
ACP3	112
MTMR11	113
CCDC88C	114
WAS	115
DPEP1	116
RGPD5	117
CHDH	118
IL20RA	119
IGF1	120
SLC38A5	121
CNTN1	122
WWTR1	123
AGPS	124
VSIG2	125
PHLDB1	126
CYP24A1	127
SYT13	128
SNAI2	129
CD74	130
HGF	131
ADGRA2	132
SAMD4A	133
RUNX3	134
PLEKHB1	135
SERPINB1	136
NRXN3	137
OSBPL5	138
CPS1	139
FHL1	140
NLRP2	141
GRAMD1B	142
BIRC3	143
SNAPC1	144
ABCC2	145
DEF6	146
PLEKHO1	147
GCLM	148
EHD2	149
RRAGD	150
NR1H3	151
TYMP	152
VIM	153
FAS	154
RNASET2	155
CD44	156
KCNG1	157
AGPAT4	158
SLAMF7	159
BTN3A1	160
PRKCH	161
SH2D2A	162
TNFRSF1B	163
ARNTL2	164
ANK1	165
IKZF2	166
ARHGAP31	167
FUT8	168
GAB2	169
APBA2	170
SH3YL1	171
VCL	172
DAPK2	173
TIMP2	174
MYOM2	175
FLT4	176
HOXC8	177
AGA	178
TRIO	179
VCAN	180
CDH1	181
RAI14	182
RTN4R	183
CDH10	184
RAB27B	185
TNC	186
RIPOR3	187
AIFM2	188
CAPG	189
ADAM28	190
BARX2	191
ZIC2	192
LCP2	193
CNTLN	194
EPHA3	195
DSG2	196
GPM6B	197
MAGEC2	198
CTPS2	199
FAM214A	200
ARAP2	201
CP	202
XK	203
SCML1	204
WWC3	205
ARHGAP6	206
HDAC9	207
CC2D2A	208
LMO3	209
CELF2	210
COL9A2	211
KITLG	212
ADAMTS6	213
PER3	214
TNFRSF9	215
EPN3	216
LTBP1	217
RCN1	218
ELN	219
NEDD4L	220
DKK3	221
ARHGEF5	222
NFE2L3	223
LIMA1	224
SLC4A8	225
LAMC3	226
PTGER3	227
TNIP3	228
BCAR1	229
HOMER3	230
CYBA	231
HEBP2	232
PLEKHA5	233
PRSS8	234
MSMO1	235
FOXN3	236
NNAT	237
LAMA3	238
KCNQ1	239
ENTPD2	240
LY75	241
OPN3	242
PTPRN	243
HHAT	244
FOXC1	245
PLEKHH1	246
ATP9A	247
GALC	248
KCNH2	249
CYFIP2	250
MCOLN3	251
TRAF1	252
IL17RB	253
TRAF3IP2	254
GYG2	255
DCBLD2	256
SOAT1	257
PKP2	258
PRDM1	259
TMCC3	260
LAMC2	261
CDK14	262
RASGRF1	263
CAMK2B	264
ATP2B4	265
DGKG	266
TBXAS1	267
PARP12	268
SLC2A3	269
YBX3	270
STYK1	271
GNA15	272
PTPRU	273
COL11A1	274
BCAT1	275
LZTS1	276
SPAG4	277
GUCY1B1	278
CDH3	279
DGAT2	280
LTK	281
CA11	282
AHRR	283
GPC1	284
LIMCH1	285
DLX3	286
SPA17	287
CCN5	288
ST3GAL6	289
ATP2C2	290
NGFR	291
CDON	292
HIPK2	293
LPAR2	294
CTSA	295
SLC12A2	296
EYA2	297
CNN2	298
FAR2	299
BCAS1	300
CHI3L2	301
HMG20B	302
CALCRL	303
SLC9A3R2	304
OAT	305
TRAM2	306
NTN1	307
DGKA	308
ERBB3	309
ROPN1	310
ANKRD44	311
MYLK	312
COL17A1	313
GSTO2	314
TLE2	315
FAM107B	316
ME1	317
TBC1D1	318
SLC9A7	319
PDE4A	320
NGEF	321
MPPED2	322
FGFR2	323
EML1	324
MSANTD3	325
KIF26A	326
STAG3	327
DDX3Y	328
PFKP	329
SP100	330
KLF6	331
PLPP1	332
NEO1	333
PHKA1	334
TNFRSF1A	335
TRO	336
PRKCZ	337
ZFY	338
SYT1	339
NAV3	340
ROGDI	341
PDZD4	342
FGFR3	343
IFI35	344
ACSL4	345
REEP1	346
ATP11A	347
TTC7A	348
PITX1	349
MAST4	350
ADGRF5	351
BCL3	352
KCNAB2	353
GAL	354
MAOB	355
TGFBR3	356
HES2	357
RAB27A	358
PFN2	359
PTPN3	360
SPTB	361
DAPP1	362
SLC44A1	363
FSTL3	364
ST6GALNAC1	365
WIPI1	366
NDST1	367
ASNS	368
ST6GALNAC2	369
TESK2	370
OSBPL3	371
MAP4K4	372
MGAT4A	373
RPS6KA2	374
VASH1	375
LMCD1	376
TRIB2	377
HLTF	378
CYBRD1	379
CDH19	380
SLC6A15	381
ADGRL1	382
ACTN1	383
RPS6KA6	384
LIMS2	385
SPEG	386
LNX1	387
ALDH3A2	388
SREBF1	389
RHOBTB1	390
CHFR	391
P4HA2	392
STK10	393
ACAP1	394
CRMP1	395
EVC	396
SIDT1	397
TMEM38A	398
PVR	399
SCARB1	400
PANX2	401
TP63	402
LLGL2	403
CLCN4	404
GSDMB	405
PPP2R3A	406
FERMT2	407
DHRS9	408
PTGS2	409
IGF2BP2	410
ST6GAL1	411
FRY	412
GLI2	413
NOTCH3	414
PPP2R2C	415
TEAD2	416
ATP2A3	417
CA12	418
MGLL	419
NTN4	420
NUAK1	421
ZNF532	422
ARHGEF10L	423
KCNQ2	424
SEMA3A	425
SEMA3C	426
GRAMD4	427
CELSR1	428
ADD2	429
RASAL2	430
FNDC3B	431
FOSL2	432
CACNG4	433
FSCN1	434
MOCOS	435
PLD1	436
RBMS2	437
MLH1	438
RGS11	439
PLXNA2	440
TPD52	441
PAG1	442
ICAM3	443
MCAM	444
GPC4	445
CAMSAP3	446
RAP1GAP	447
STXBP2	448
CTTNBP2	449
RARB	450
NFKB2	451
IL4R	452
APBB1IP	453
TYR	454
ACTN2	455
GPR137B	456
FGFR1	457
FBLN1	458
CST7	459
MAP2	460
AMPH	461
LAMP3	462
FAP	463
NEBL	464
HOXA9	465
EDN1	466
ITM2A	467
TP53INP2	468
TP73	469
CDH17	470
FKBP7	471
OSBPL6	472
SLC1A3	473
LXN	474
SP140	475
TNS1	476
RAPGEF3	477
CEACAM1	478
DUSP13	479
LIPE	480
OPHN1	481
PGM1	482
EPB41L2	483
MOXD1	484
DDX43	485
PTPRH	486
DCT	487
SLC4A4	488
SMARCA2	489
MID2	490
COL5A3	491
KCNN2	492
MOK	493
IGSF9B	494
CXCL2	495
AFP	496
TCF7	497
OSTM1	498
ARG2	499
MEF2C	500
PTPRC	501
PKP1	502
ZNF506	503
CADPS2	504
ATP8B1	505
IL12RB2	506
SMARCD3	507
FYB1	508
FAM135A	509
COL19A1	510
EPB41L3	511
COBLL1	512
DLG3	513
KCNK2	514
SERTAD4	515
TRAF5	516
ITGB5	517
ULK2	518
GRHL2	519
PLOD1	520
P2RX5	521
OXCT1	522
SLC27A5	523
FAT1	524
SSH1	525
GSTP1	526
NKAIN1	527
COL16A1	528
EFR3B	529
KIF3C	530
CD59	531
CD82	532
MECOM	533
IGSF9	534
ABCB1	535
AKR1B1	536
WNT11	537
TTC39A	538
MGST2	539
USP40	540
B4GALT1	541
FOLH1	542
EPDR1	543
SNX10	544
HBQ1	545
CEACAM6	546
FAT2	547
HSD17B2	548
LAT2	549
PPP1R15A	550
HSD17B14	551
TRIP6	552
ACHE	553
FTL	554
ADAMTS2	555
MMP2	556
LPCAT2	557
GNAO1	558
NID2	559
PTHLH	560
PHACTR3	561
TFAP2C	562
PIR	563
SULT2B1	564
ASAP3	565
DNMT3B	566
EPB41L1	567
DOCK9	568
C3orf18	569
TMEM40	570
ARHGAP28	571
SMOX	572
SLC4A11	573
C20orf194	574
EBF4	575
TESC	576
P2RX7	577
SLC23A2	578
OAS1	579
PXN	580
CHGB	581
FXYD5	582
ZNF302	583
GRAMD1A	584
FXYD3	585
HEPH	586
CDIP1	587
ARHGAP4	588
LTBP4	589
BLVRB	590
PCBP4	591
RGS1	592
YPEL3	593
ICAM1	594
LYZ	595
P3H2	596
FLT3LG	597
CERS4	598
EFNB1	599
PLEKHG2	600
DLL3	601
NRCAM	602
LAMB1	603
ABCC6	604
ITGA6	605
SMPX	606
SEL1L3	607
TF	608
NLRP1	609
PITPNM3	610
ZFHX4	611
ESR1	612
TMEM101	613
CD200	614
CCDC80	615
SLC7A8	616
SLC22A17	617
SEMA6A	618
CAPN3	619
PHGDH	620
COL9A3	621
EZR	622
UNC13D	623
DPYSL2	624
TGFB2	625
COMT	626
ECHDC1	627
GABRP	628
HOOK2	629
EPB41L4B	630
PTGS1	631
CRAT	632
TBC1D2	633
WHRN	634
SEMA4G	635
BLNK	636
SORBS1	637
BAMBI	638
IL11	639
SMIM24	640
CRISP3	641
FKBP5	642
ITPR3	643
DSP	644
PCSK5	645
SCD	646
ABLIM1	647
ERMP1	648
NRP1	649
PRTFDC1	650
PALMD	651
TSPAN15	652
MACROH2A2	653
KCNK6	654
HSD3B7	655
MAGEB2	656
PRKY	657
MTAP	658
MISP	659
CEP170B	660
HCN2	661
RASSF7	662
GADD45B	663
PALM	664
ARVCF	665
ZDHHC8	666
SERPIND1	667
MMP11	668
P2RX6	669
DERL3	670
SUSD2	671
GGT5	672
SEC14L2	673
GGT1	674
PRODH	675
MFNG	676
CARD10	677
GRK3	678
SH3BP1	679
LGALS1	680
PIK3IP1	681
SOX10	682
PICK1	683
TTC28	684
SEPTIN3	685
SLC5A4	686
KDELR3	687
DMC1	688
XBP1	689
RAB36	690
TIMP3	691
SUN2	692
NEFH	693
BIK	694
HMOX1	695
TSPO	696
PDGFB	697
SYNGR1	698
APOL1	699
PNPLA3	700
MYH9	701
FOXRED2	702
IFT27	703
PVALB	704
KIAA0930	705
NCF4	706
UPK3A	707
FAM118A	708
KCTD17	709
ABHD4	710
GZMB	711
COCH	712
CDKL1	713
PYGL	714
TRIM9	715
CCDC198	716
PLEK2	717
DAAM1	718
RIN3	719
LGMN	720
GALNT16	721
HIF1A	722
BDKRB1	723
PAPLN	724
EFS	725
DHRS2	726
PCK2	727
NFKBIA	728
REC8	729
NFATC4	730
PLTP	731
PYGB	732
PROCR	733
NINL	734
CD40	735
SGK2	736
HNF4A	737
NFATC2	738
RIMS4	739
PABPC1L	740
SALL4	741
BMP7	742
CTSZ	743
SLCO4A1	744
NTSR1	745
SLC17A9	746
BIRC7	747
NKAIN4	748
EEF1A2	749
PTK6	750
TRIB3	751
RASSF2	752
SLC52A3	753
SNPH	754
SIRPB1	755
FERMT1	756
PLCB4	757
MYL9	758
JAG1	759
SNTA1	760
PXMP4	761
CST3	762
CST4	763
WFDC2	764
MAP1LC3A	765
TNNC2	766
ZNF516	767
ST8SIA5	768
SMAD7	769
LIPG	770
LAMA1	771
RNF125	772
MXRA5	773
STS	774
TBL1X	775
GPR143	776
MID1	777
CHRDL1	778
SRPX	779
ATP11C	780
ABCD1	781
SYP	782
PLP2	783
PLS3	784
RENBP	785
ELF4	786
SMARCA1	787
ASB9	788
PIM2	789
SCML2	790
PCSK1N	791
CD99L2	792
VGLL1	793
TIMP1	794
KLHL4	795
GABRE	796
FGD1	797
PORCN	798
ITIH6	799
MAGED2	800
KLF8	801
SRPX2	802
SYTL4	803
PBDC1	804
ARMCX3	805
BEX4	806
RUBCNL	807
NALCN	808
CAB39L	809
KLF5	810
ACP5	811
FLT1	812
RGCC	813
KATNAL1	814
TSC22D1	815
MSLN	816
HSF4	817
CORO1A	818
GDPD3	819
ELMO3	820
PLLP	821
CCL17	822
PARD6A	823
MMP15	824
NME3	825
NDRG4	826
SETD6	827
HAS3	828
ESRP2	829
FA2H	830
WFDC1	831
COTL1	832
CRISPLD2	833
NME4	834
LMF1	835
HAGHL	836
SLC7A5	837
METRN	838
CRYM	839
CPPED1	840
SALL1	841
TOX3	842
QPRT	843
XYLT1	844
PYCARD	845
IL21R	846
SYT17	847
TMC5	848
VPS35L	849
CORO2B	850
AP3B2	851
CTSH	852
CD276	853
CEMIP	854
HOMER2	855
OCA2	856
TJP1	857
BMF	858
RHOV	859
MYEF2	860
PDGFRL	861
ZDHHC2	862
CA2	863
EYA1	864
CPQ	865
CALB1	866
SFRP1	867
LAPTM4B	868
NIPAL2	869
PLAT	870
JPH1	871
DKK4	872
GDAP1	873
ESRP1	874
CCN4	875
NDRG1	876
TRPS1	877
NCALD	878
GSDMD	879
ANXA13	880
SQLE	881
SH2D4A	882
SLC39A14	883
TNFRSF10A	884
TUSC3	885
ARHGEF10	886
ASAH1	887
BNIP3L	888
KCNN4	889
MAP4K1	890
TUBB4A	891
RELB	892
FCGRT	893
PPP1R13L	894
KLC3	895
CD37	896
AMH	897
FCER2	898
DMPK	899
IL4I1	900
TLE6	901
IL27RA	902
TNNT1	903
OLFM2	904
SYDE1	905
CASP14	906
SLC1A6	907
DYRK1B	908
EBI3	909
SHD	910
FSD1	911
CLIP3	912
TJP3	913
APLP1	914
TGFB1	915
DENND3	916
MYH14	917
ICAM4	918
ICAM5	919
CEACAM5	920
ATP1A3	921
MEIS3	922
PTPRS	923
CNFN	924
GRIN2D	925
CLEC11A	926
PLA2G4C	927
RAB3D	928
DBP	929
CAPS	930
PLPPR2	931
FAM83E	932
RASIP1	933
PLEKHA4	934
RAB3A	935
ISYNA1	936
UPK1A	937
GAPDHS	938
MAG	939
TMEM59L	940
LSR	941
HPN	942
SCN1B	943
PBX4	944
ZNF85	945
CADM4	946
RASA4	947
CDK6	948
TFPI2	949
NAMPT	950
PON3	951
PON2	952
ITGB8	953
WDR91	954
DNAH11	955
DLX5	956
STEAP1B	957
PTN	958
MPP6	959
GSDME	960
ATP6V0A4	961
ADAP1	962
CAV2	963
CAV1	964
MET	965
HOXA1	966
HOXA3	967
LFNG	968
HOXA5	969
HOXA6	970
TSPAN12	971
HOXA13	972
CPED1	973
CPVL	974
CHN2	975
GRB10	976
ABHD11	977
COBL	978
STX1A	979
EPHB6	980
HSPB1	981
NPTX2	982
CYP3A5	983
PTPRZ1	984
TFR2	985
PCOLCE	986
SERPINE1	987
C1GALT1	988
PLOD3	989
GLCCI1	990
MEST	991
ACTR3C	992
TSPAN13	993
RARRES2	994
AGR2	995
AHR	996
GIMAP2	997
TMEM176B	998
GLI3	999
BLVRA	1000
PRKAG2	1001
AEBP1	1002
CLIP2	1003
SLC1A1	1004
LHX2	1005
CNTNAP3	1006
NMRK1	1007
PRUNE2	1008
MEGF9	1009
CORO2A	1010
C5	1011
TLE4	1012
PTGR1	1013
SUSD1	1014
AMBP	1015
DNM1	1016
ENG	1017
DOCK8	1018
KANK1	1019
ELAVL2	1020
NCS1	1021
CA9	1022
TYRP1	1023
MPDZ	1024
DDX58	1025
PIP5K1B	1026
GLIS3	1027
NPDC1	1028
PTGDS	1029
ABCA2	1030
PDLIM1	1031
GATA3	1032
HPS1	1033
RASSF4	1034
DNMBP	1035
CXCL12	1036
PALD1	1037
UNC5B	1038
VSIR	1039
SPOCK2	1040
ACTA2	1041
LIPA	1042
SFXN3	1043
KAZALD1	1044
NEURL1	1045
SH3PXD2A	1046
MAP3K8	1047
DKK1	1048
EBF3	1049
SORCS1	1050
ZMIZ1	1051
DNAJC12	1052
TSPAN14	1053
KRT23	1054
CSF3	1055
RAPGEFL1	1056
RNF43	1057
SEPTIN4	1058
TRIM16L	1059
HOXB6	1060
ENO3	1061
RASD1	1062
BLMH	1063
ALDH3A1	1064
ICAM2	1065
SYNGR2	1066
LGALS3BP	1067
CCL2	1068
DHX58	1069
HSD17B1	1070
CNTNAP1	1071
COL1A1	1072
SGCA	1073
VAT1	1074
ABCC3	1075
SMURF2	1076
SLC16A6	1077
EFNB3	1078
MAP2K6	1079
SLC9A3R1	1080
VTN	1081
CDR2L	1082
PMP22	1083
ALDOC	1084
RAB34	1085
ODAM	1086
NMU	1087
CRACD	1088
AREG	1089
MAPK10	1090
TBC1D9	1091
INPP4B	1092
CPE	1093
WFS1	1094
ANXA10	1095
AADAT	1096
GALNT7	1097
SOD3	1098
CPZ	1099
TRIM2	1100
SLC2A9	1101
SH3D19	1102
GLRB	1103
BST1	1104
KLHL5	1105
FAM149A	1106
UGDH	1107
PPARGC1A	1108
CRYAB	1109
HTATIP2	1110
CTSC	1111
B3GAT1	1112
VWA5A	1113
SIAE	1114
LPXN	1115
DTX4	1116
UNC93B1	1117
ST3GAL4	1118
CPT1A	1119
CCND1	1120
HPX	1121
TRIM3	1122
FOLR1	1123
ARHGEF17	1124
GALNT18	1125
UPK2	1126
NECTIN1	1127
KIAA1549L	1128
SLC15A3	1129
ACCS	1130
SCGB2A2	1131
MDK	1132
SLC22A18	1133
SLC35F2	1134
SOX6	1135
PITPNM1	1136
TCIRG1	1137
EXPH5	1138
P3H3	1139
PPFIBP1	1140
CLEC2B	1141
SELPLG	1142
CORO1C	1143
CAPRIN2	1144
IL23A	1145
LIN7A	1146
KRT18	1147
ACSS3	1148
TNS2	1149
PPM1H	1150
ELK3	1151
WNT5B	1152
TRPV4	1153
PRR4	1154
SH2B3	1155
MANSC1	1156
ALDH2	1157
SCNN1A	1158
LTBR	1159
OAS3	1160
OAS2	1161
MGP	1162
RASAL1	1163
ARHGDIB	1164
SLC38A1	1165
VDR	1166
STX2	1167
TBC1D30	1168
CHPT1	1169
ENO2	1170
PTPN6	1171
SLCO1B3	1172
LDHB	1173
ST8SIA1	1174
PHC1	1175
COL12A1	1176
BTN3A3	1177
DSE	1178
GCNT2	1179
NEDD9	1180
ADTRP	1181
MAN1A1	1182
TPD52L1	1183
NCOA7	1184
RIPOR2	1185
SASH1	1186
UST	1187
SOD2	1188
PHACTR1	1189
MDGA1	1190
CD83	1191
RBM24	1192
CAP2	1193
BAG2	1194
BVES	1195
WASF1	1196
ALDH5A1	1197
CRYBG1	1198
EYA4	1199
PERP	1200
ARFGEF3	1201
ADGRG6	1202
PHACTR2	1203
QKI	1204
PDE10A	1205
MDFI	1206
SMOC2	1207
PTK7	1208
VEGFA	1209
LAMA4	1210
TENT5A	1211
CLIC5	1212
ENPP5	1213
PRSS16	1214
TBX18	1215
PCDHB2	1216
SEMA5A	1217
GHR	1218
HMGCS1	1219
NNT	1220
HBEGF	1221
LOX	1222
SPARC	1223
PCDHB5	1224
PCDHB6	1225
HAVCR1	1226
RNF130	1227
POLR3G	1228
CDH6	1229
ARRDC3	1230
NPR3	1231
IRX4	1232
PDE4D	1233
PRLR	1234
SLC12A7	1235
ST8SIA4	1236
FGF1	1237
NR3C1	1238
LIFR	1239
WWC1	1240
DPYSL3	1241
PDGFRB	1242
CDX1	1243
STC2	1244
CPEB4	1245
DBN1	1246
UNC5A	1247
BCL6	1248
HGD	1249
CLDN16	1250
CD86	1251
AMOTL2	1252
RBP1	1253
KAT2B	1254
BCHE	1255
LRRC31	1256
WNT5A	1257
PFKFB4	1258
COL7A1	1259
FGF12	1260
HES1	1261
GNAI2	1262
USP9Y	1263
HYAL1	1264
C3orf14	1265
GNB4	1266
IQCG	1267
GBE1	1268
C3orf52	1269
FRMD4B	1270
ROPN1B	1271
PODXL2	1272
UPK1B	1273
CSPG5	1274
PLSCR4	1275
CISH	1276
AADAC	1277
ARHGEF26	1278
PLCH1	1279
VIPR1	1280
TNNC1	1281
FOXP1	1282
SLC4A3	1283
ADAM23	1284
RTKN	1285
IL1A	1286
CCL20	1287
KCNIP3	1288
STEAP3	1289
TFCP2L1	1290
TP53I3	1291
CYTIP	1292
TANC1	1293
ITGB6	1294
FNDC4	1295
ITGA4	1296
REEP6	1297
GCG	1298
IFIH1	1299
GCA	1300
GRB14	1301
CLIP4	1302
SPTBN1	1303
LOXL3	1304
DOK1	1305
GALNT3	1306
CCDC88A	1307
EVA1A	1308
EFEMP1	1309
REG1A	1310
FN1	1311
STAT1	1312
GLS	1313
IGFBP2	1314
IGFBP5	1315
EFHD1	1316
ST3GAL5	1317
CHST10	1318
IL1R2	1319
IL1R1	1320
SLC9A2	1321
FHL2	1322
MLPH	1323
ABCB6	1324
ID2	1325
HPCAL1	1326
ODC1	1327
PRKD3	1328
QPCT	1329
DLX2	1330
SDC1	1331
SLC1A4	1332
KYNU	1333
WIPF1	1334
RND3	1335
EPAS1	1336
ARID3A	1337
ATP6V1B1	1338
EPHA4	1339
PRRX1	1340
DHCR24	1341
MARK1	1342
GPX7	1343
QSOX1	1344
ERRFI1	1345
ELAPOR1	1346
RHOU	1347
FBXO2	1348
FBXO6	1349
C1orf21	1350
DNAJC6	1351
NCF2	1352
PLA2G4A	1353
GADD45A	1354
WLS	1355
RGS2	1356
CTH	1357
AGMAT	1358
OLFML3	1359
KIF21B	1360
NID1	1361
LGALS8	1362
BMP8B	1363
MYCL	1364
SIPA1L2	1365
KMO	1366
RIMS3	1367
AKT3	1368
ST6GALNAC5	1369
ADGRL2	1370
PADI2	1371
MFAP2	1372
KDM5B	1373
UAP1	1374
ACTL8	1375
RGS4	1376
GBP3	1377
GBP1	1378
CDK18	1379
ECE1	1380
ID3	1381
P3H1	1382
SLC2A1	1383
ARTN	1384
PRDX1	1385
PIK3R3	1386
TSPAN1	1387
FAAH	1388
CNN3	1389
F3	1390
IRF6	1391
MAN1C1	1392
MTARC2	1393
MUC5B	1394
CTSD	1395
MMP8	1396
APOA1	1397
TNNT2	1398
MREG	1399
NRP2	1400
KLF7	1401
B4GALT6	1402
C1orf54	1403
CA14	1404
IRAG2	1405
ATP10B	1406
ELOVL4	1407
SGIP1	1408
PLAGL1	1409
TNFAIP3	1410
AKAP7	1411
RAB32	1412
MYB	1413
SGK1	1414
CCN2	1415
SLC16A7	1416
VAMP8	1417
PKD2	1418
ABCG2	1419
SPP1	1420
RARRES1	1421
PPL	1422
LDAH	1423
CCND2	1424
ELL2	1425
SATB2	1426
GDA	1427
KLF9	1428
TJP2	1429
CCDC92	1430
CTNNAL1	1431
NEK6	1432
BSPRY	1433
NR4A3	1434
GALNT12	1435
PGF	1436
IFI27L2	1437
NPC2	1438
ACOT2	1439
LTBP2	1440
TGFB3	1441
RHOQ	1442
KLHL29	1443
DNMT3A	1444
FKBP1B	1445
CNRIP1	1446
BCL11A	1447
EPCAM	1448
OGFRL1	1449
IFIT3	1450
IFIT2	1451
PPP1R3C	1452
PYROXD2	1453
CNNM1	1454
MXI1	1455
AVPI1	1456
CPN1	1457
HOXB8	1458
HOXB5	1459
HOXB3	1460
DUSP1	1461
MSX2	1462
MOB3B	1463
MLANA	1464
CD274	1465
LRP11	1466
PLEKHG1	1467
CYSTM1	1468
ARAP3	1469
PCDHB8	1470
KIAA1217	1471
PLXDC2	1472
ENOX1	1473
DNAJC15	1474
TGFBI	1475
EGR1	1476
PLS1	1477
ZFP30	1478
GLT8D2	1479
SOCS2	1480
DUSP4	1481
CLU	1482
TNFRSF10B	1483
SORBS3	1484
PTK2B	1485
PDLIM2	1486
EPHX2	1487
NPPB	1488
TNFRSF8	1489
CRISPLD1	1490
RDH10	1491
SCPEP1	1492
TBX2	1493
TRIM6	1494
ABCC11	1495
ADCY7	1496
TSHZ3	1497
ECHDC2	1498
PLBD1	1499
A1BG	1500
ZSCAN18	1501
PDZRN3	1502
CSTA	1503
MAPK8IP1	1504
DEPDC7	1505
CAT	1506
GJB6	1507
ADGRB2	1508
FABP3	1509
TNFSF10	1510
TMEM156	1511
TMEM54	1512
CXCR4	1513
RASL11A	1514
UBL3	1515
PAEP	1516
FMOD	1517
PRXL2A	1518
EEPD1	1519
NPY	1520
FAM126A	1521
HOXA7	1522
INHBA	1523
FKBP9	1524
ARL4A	1525
TWIST1	1526
GLIPR2	1527
RECK	1528
SPINK4	1529
CALD1	1530
PLAU	1531
SRGN	1532
CHST3	1533
BICC1	1534
ACADS	1535
CDKN2C	1536
RASSF8	1537
BHLHE41	1538
SSPN	1539
ITPR2	1540
ADGRE5	1541
ATP7B	1542
OPTN	1543
ITIH5	1544
NCKAP1L	1545
MMP19	1546
NR4A1	1547
HOXC13	1548
CDK2	1549
LRP1	1550
HOXC11	1551
HOXC12	1552
IL13RA2	1553
PLP1	1554
NRK	1555
NMI	1556
TNFAIP6	1557
BATF3	1558
G0S2	1559
C4BPB	1560
RAB38	1561
DAW1	1562
CHPF	1563
OBSL1	1564
SLC12A4	1565
CTCFL	1566
FAM210B	1567
PI3	1568
SNX21	1569
SLPI	1570
WFDC3	1571
PREX1	1572
SLC12A5	1573
ARHGAP40	1574
SDC4	1575
PARD6B	1576
TOX2	1577
PTGIS	1578
SNAI1	1579
PMEPA1	1580
BCAS4	1581
MAGEA10	1582
IQSEC2	1583
XG	1584
ATP8A1	1585
POF1B	1586
LYPD3	1587
TRERF1	1588
PACSIN1	1589
BTN2A2	1590
SERPINB6	1591
NQO2	1592
MOCS1	1593
H2BC11	1594
SPDEF	1595
COL21A1	1596
CDKN1A	1597
SOX4	1598
NRN1	1599
RUNX2	1600
RAB17	1601
CXCL6	1602
EREG	1603
TRIM51	1604
MYRF	1605
SCGB1D2	1606
SCGB2A1	1607
AHNAK	1608
SH3TC1	1609
MT1G	1610
MT2A	1611
DOK4	1612
CLYBL	1613
ABCC4	1614
EFNB2	1615
SOX21	1616
IRF1	1617
SEPTIN6	1618
TMEM255A	1619
BMP4	1620
SOX9	1621
HS3ST3B1	1622
IL1B	1623
PAX8	1624
PSD4	1625
TNFSF9	1626
CD70	1627
C3	1628
SH2D3A	1629
FOSB	1630
RTN2	1631
EML2	1632
SDCBP2	1633
FOXA2	1634
TMX4	1635
NRSN2	1636
RRBP1	1637
BMP2	1638
FLRT3	1639
OVOL2	1640
PCSK2	1641
DSTN	1642
LRRN4	1643
FAM110A	1644
CITED1	1645
GDF5	1646
MMP24	1647
ID1	1648
BPIFB1	1649
MMP24OS	1650
GRPR	1651
AMOT	1652
MCF2L	1653
CCR7	1654
RRAS	1655
PRRG2	1656
STAT5A	1657
WNK4	1658
GLIS2	1659
IFI6	1660
SSX1	1661
SIX1	1662
RHOJ	1663
HSPA2	1664
PLEKHG3	1665
PRDM7	1666
EVI2A	1667
AIF1L	1668
CTAG2	1669
ARMCX1	1670
ZC4H2	1671
FGD3	1672
HIVEP3	1673
EDN2	1674
ABHD8	1675
PLAAT1	1676
TSPAN8	1677
RAB3IP	1678
PTPRB	1679
LRRC61	1680
IDUA	1681
FGFRL1	1682
KLF2	1683
SYNGR3	1684
FBXL16	1685
MACF1	1686
TUBA4A	1687
VIL1	1688
TNFRSF19	1689
GNG11	1690
HIP1	1691
FGL2	1692
STEAP4	1693
GNAI1	1694
SGCE	1695
ZFP36	1696
KDR	1697
ADM2	1698
GAL3ST1	1699
MGAT3	1700
ADORA2A	1701
A4GALT	1702
CDC42EP1	1703
APOL3	1704
BAIAP2L2	1705
TST	1706
APOL2	1707
RAC2	1708
LIF	1709
APOBEC3F	1710
RIBC2	1711
KRT17	1712
SPECC1	1713
CPA4	1714
DOCK4	1715
VGF	1716
PODXL	1717
STRIP2	1718
FLNC	1719
CALU	1720
CCDC136	1721
SMO	1722
IRF5	1723
LRRC17	1724
MYO1B	1725
CHN1	1726
GAD1	1727
HOXD9	1728
HOXD10	1729
HOXD11	1730
HOXD13	1731
SNRPN	1732
TWSG1	1733
ARHGAP22	1734
MYO5C	1735
CGNL1	1736
ELL3	1737
ALDH1A2	1738
IVD	1739
CHAC1	1740
ISLR	1741
LOXL1	1742
PALLD	1743
SOX15	1744
PIMREG	1745
CD68	1746
SLC44A2	1747
AP1M2	1748
MTUS1	1749
KLK10	1750
KLK8	1751
RIPK3	1752
AJUBA	1753
FOXA1	1754
EGLN3	1755
RNASE1	1756
EPB41L4A	1757
ARHGEF6	1758
MAP7D3	1759
FGF13	1760
CDKN1C	1761
RPS4Y1	1762
SHC2	1763
PLPPR3	1764
SYT5	1765
TNNI3	1766
CBFA2T3	1767
GAMT	1768
CRACR2A	1769
SAT1	1770
SH3BP4	1771
CNN1	1772
THEM6	1773
NECTIN2	1774
APOE	1775
APOC1	1776
GADD45G	1777
ACE2	1778
ATP8B3	1779
KIF1A	1780
BST2	1781
STK33	1782
ARPC1B	1783
CACNG6	1784
FCHO1	1785
UNC13A	1786
KLHDC7B	1787
PXDN	1788
GDF15	1789
TRPM4	1790
SULT4A1	1791
CRB3	1792
OLFM1	1793
HELZ2	1794
SAMD10	1795
LSP1	1796
TNNT3	1797
TNNI2	1798
COL5A1	1799
MNX1	1800
RBBP8NL	1801
LAMA5	1802
ASS1	1803
FIBCD1	1804
TMEM160	1805
NPAS1	1806
GMFG	1807
ARHGEF16	1808
SESN2	1809
SMPDL3B	1810
THEMIS2	1811
SHFL	1812
SLC6A8	1813
PLXNA3	1814
DUSP9	1815
MPP1	1816
ZNF331	1817
LRP3	1818
CASZ1	1819
SLC35D2	1820
PRRG1	1821
ULBP2	1822
AKAP12	1823
SYNE1	1824
EPS8L1	1825
GGT7	1826
ACSS2	1827
EDA2R	1828
C1QL1	1829
GFAP	1830
ZNF141	1831
GSE1	1832
SH3BGRL	1833
F12	1834
PRR7	1835
NFATC1	1836
IDO1	1837
RAB11FIP4	1838
SH3BP5	1839
RFTN1	1840
SLC6A6	1841
KCNC3	1842
LRRC4B	1843
PDLIM4	1844
GFPT2	1845
RAMP2	1846
ANO1	1847
KREMEN2	1848
BARX1	1849
NINJ1	1850
MAP1B	1851
IL13RA1	1852
KRT34	1853
TNS4	1854
STARD3	1855
RARA	1856
PPP1R1B	1857
KHDRBS3	1858
LIN28A	1859
RHPN2	1860
ABHD12B	1861
GCH1	1862
LGALS3	1863
C19orf57	1864
MATN3	1865
SLC6A11	1866
PPARG	1867
NUP210	1868
FCRLA	1869
ENOSF1	1870
EMILIN2	1871
TRIM22	1872
RAMP1	1873
PTPRE	1874
CARD6	1875
RAP1GAP2	1876
SERPINF1	1877
POPDC3	1878
DDC	1879
JCHAIN	1880
ITGB4	1881
TRIM47	1882
XAF1	1883
DLG4	1884
MATN2	1885
REEP2	1886
MTSS2	1887
ANKEF1	1888
SNAP25	1889
BTBD3	1890
RIN2	1891
NES	1892
RAB25	1893
SYT11	1894
ALDH3B2	1895
TESMIN	1896
LPIN3	1897
VSTM2L	1898
BHMT2	1899
PATJ	1900
KANK4	1901
FBXO44	1902
ALOX5AP	1903
WASF3	1904
CHRM3	1905
MYH10	1906
CHI3L1	1907
PIK3C2B	1908
TMCC2	1909
DCLK1	1910
CCNA1	1911
SPART	1912
EPSTI1	1913
TRPC4	1914
POSTN	1915
STARD13	1916
MORC4	1917
BEX2	1918
RNF128	1919
TCEAL4	1920
BEX1	1921
EPHB2	1922
PDE6B	1923
MACROD1	1924
PLAAT4	1925
PLAAT2	1926
PDZD2	1927
LARGE1	1928
GSTT2B	1929
C1QTNF6	1930
FAM83F	1931
KRBA1	1932
NTS	1933
BTG1	1934
TMTC1	1935
SPINK5	1936
MICAL2	1937
RRAS2	1938
DGLUCY	1939
TTC9	1940
LOXL2	1941
IRAK2	1942
CAMK1	1943
BHLHE40	1944
CHL1	1945
MEIS2	1946
TRPM1	1947
GSTM1	1948
REG4	1949
TSPAN2	1950
GSTM3	1951
VAV3	1952
HMGCS2	1953
SORT1	1954
PTGFRN	1955
NOTCH2	1956
VTCN1	1957
NGF	1958
SPIRE1	1959
FKBP11	1960
GRHL1	1961
RSAD2	1962
MYCN	1963
CMPK2	1964
IAH1	1965
SAA2	1966
IL6ST	1967
FST	1968
NAV1	1969
ERN2	1970
GRP	1971
IL2RA	1972
ECHDC3	1973
IL15RA	1974
KCTD1	1975
CABLES1	1976
DOCK2	1977
EMP1	1978
SOX5	1979
RERG	1980
LRP4	1981
RTL8C	1982
RAB33A	1983
STK26	1984
SPOCD1	1985
HOOK1	1986
CYP2J2	1987
DSC2	1988
DSG3	1989
DSC3	1990
DTNA	1991
FHOD3	1992
SLC43A3	1993
FADS2	1994
TCN1	1995
PDGFRA	1996
COL4A2	1997
CLDN10	1998
DZIP1	1999
POGLUT2	2000
ARHGAP32	2001
ETS1	2002
SLC37A2	2003
NREP	2004
ANXA1	2005
CTSL	2006
CEMIP2	2007
GOLM1	2008
FAM189A2	2009
PSAT1	2010
ADAM19	2011
CCNJL	2012
MSI1	2013
HNF1A	2014
TBX3	2015
OASL	2016
BICDL1	2017
CD36	2018
TES	2019
MDFIC	2020
ANKRD6	2021
KHDC1	2022
NT5E	2023
PRR5L	2024
EHF	2025
ELF5	2026
PRRG4	2027
GDF11	2028
GLS2	2029
ITGA7	2030
AGAP2	2031
PPP1R1A	2032
B4GALNT1	2033
TFCP2	2034
KRT7	2035
MAP7	2036
NHSL1	2037
PKIB	2038
MICAL1	2039
STX11	2040
DYSF	2041
CPM	2042
FHOD1	2043
AGT	2044
PCNX2	2045
KCNK1	2046
GLUL	2047
NPL	2048
NIBAN1	2049
LAMC1	2050
SP110	2051
CHRND	2052
PAX3	2053
DOCK10	2054
HTR2B	2055
ITM2C	2056
SERPINE2	2057
WNT10A	2058
TMBIM1	2059
CYP27A1	2060
ARMC9	2061
ARHGEF4	2062
ALDH1L2	2063
CKAP4	2064
PLXNC1	2065
DRAM1	2066
SLC41A2	2067
VILL	2068
FLNB	2069
NEK3	2070
TBC1D4	2071
THSD1	2072
PHF11	2073
LMO7	2074
SCEL	2075
SPRY2	2076
EDNRB	2077
LCP1	2078
SCRN1	2079
TNS3	2080
IGF2BP3	2081
GPNMB	2082
RAPGEF5	2083
IL6	2084
AOAH	2085
MYO1G	2086
TTYH3	2087
CIDEB	2088
NKX2-1	2089
ADAMTS7	2090
ABHD17C	2091
ALPK3	2092
CIB2	2093
LIMD2	2094
RTP4	2095
GALNT5	2096
GATA4	2097
HLX	2098
IL1RN	2099
BIN1	2100
HS6ST1	2101
GYPC	2102
KLF4	2103
NIBAN2	2104
ST6GALNAC4	2105
TMOD1	2106
DAB2IP	2107
STXBP1	2108
SLC2A8	2109
ANGPTL2	2110
TLR4	2111
KIF12	2112
CTSV	2113
LMX1B	2114
ENPP2	2115
MYC	2116
CCN3	2117
IL11RA	2118
DNAJB5	2119
IGFBPL1	2120
KIF13A	2121
PIM1	2122
GMPR	2123
TFAP2A	2124
IRF4	2125
SLC22A23	2126
TUBB2A	2127
FOXF2	2128
TUBB2B	2129
HMGA1	2130
IER3	2131
RNF144B	2132
FGFBP1	2133
FGFBP2	2134
CPEB2	2135
FHDC1	2136
TLR2	2137
MGARP	2138
ARRB1	2139
SLCO2B1	2140
SYTL2	2141
RAB30	2142
LRRC32	2143
PI15	2144
SULF1	2145
SDCBP	2146
DDX60	2147
SORL1	2148
TMPRSS4	2149
MMP7	2150
CFAP300	2151
YAP1	2152
TRIM29	2153
POU2F3	2154
RDX	2155
FXYD6	2156
FXYD2	2157
MMP13	2158
TMPRSS13	2159
CASP1	2160
SQOR	2161
THBS1	2162
ITGA11	2163
PARP6	2164
PAQR5	2165
ITPKA	2166
UACA	2167
SMAD6	2168
PAK6	2169
STRA6	2170
SEMA6D	2171
GCHFR	2172
BCAR3	2173
TTLL7	2174
IFI44L	2175
ARHGAP29	2176
IFI44	2177
SLC44A5	2178
CLCA2	2179
CGREF1	2180
KHK	2181
CYP1B1	2182
EMILIN1	2183
MYOF	2184
LOXL4	2185
STAMBPL1	2186
TACC2	2187
DUSP5	2188
CALHM2	2189
PLCE1	2190
RBP4	2191
GPR87	2192
MYPN	2193
AOX1	2194
MSTN	2195
CDK15	2196
IDH1	2197
CHRNA1	2198
ITGAV	2199
SLC40A1	2200
PARP9	2201
MNS1	2202
SHF	2203
APH1B	2204
SEMA7A	2205
ARHGAP24	2206
FAM13A	2207
HERC6	2208
HERC5	2209
PCDH10	2210
RASGEF1B	2211
FGF5	2212
GPAT3	2213
FGF2	2214
BMPR1B	2215
PDE5A	2216
PRDM5	2217
NAAA	2218
SEPTIN11	2219
FRAS1	2220
CCNG2	2221
SHROOM3	2222
ANXA3	2223
LEF1	2224
EGF	2225
PPP3CA	2226
SLC39A8	2227
FBN2	2228
RGS3	2229
SHISAL1	2230
B4GALNT3	2231
ERP27	2232
GABARAPL1	2233
KIF21A	2234
CPNE8	2235
PRICKLE1	2236
C1RL	2237
CLSTN3	2238
TAPBPL	2239
SLC38A4	2240
AMIGO2	2241
LRIG3	2242
INHBE	2243
GLIPR1	2244
PHLDA1	2245
LGR5	2246
DUSP6	2247
LUM	2248
FAM222A	2249
SLC46A3	2250
MAP3K12	2251
ITGB7	2252
GALNT6	2253
CSAD	2254
LPAR6	2255
RHOF	2256
SLAIN1	2257
MBNL2	2258
RAB20	2259
GRTP1	2260
TTC6	2261
NOVA1	2262
FRMD6	2263
PELI2	2264
RTN1	2265
RAB15	2266
STON2	2267
JDP2	2268
FBLN5	2269
WARS1	2270
SORD	2271
SLC27A2	2272
GCNT3	2273
TLE3	2274
BCL2A1	2275
TSPAN3	2276
NEIL1	2277
DNAJA4	2278
TPM1	2279
IGF1R	2280
ARRDC4	2281
CYP1A1	2282
PCSK6	2283
CCDC33	2284
HAPLN3	2285
ABHD2	2286
MFGE8	2287
MCTP2	2288
FURIN	2289
ITGAX	2290
TGFB1I1	2291
NKD1	2292
MARVELD3	2293
CPNE2	2294
NLRC5	2295
KIFC3	2296
NUDT7	2297
CMTM3	2298
CDH11	2299
CDH13	2300
MEAK7	2301
OSGIN1	2302
IRF8	2303
ZNF287	2304
KSR1	2305
TOM1L1	2306
TOB1	2307
SKAP1	2308
ARSG	2309
BCAS3	2310
IMPA2	2311
SLC39A6	2312
OSBPL1A	2313
GATA6	2314
GREB1L	2315
NPC1	2316
SLC14A1	2317
SAT2	2318
TP53	2319
TMC6	2320
SLC16A3	2321
CARD14	2322
TTYH2	2323
SECTM1	2324
RNF157	2325
MAPK4	2326
TNFRSF11A	2327
PMAIP1	2328
P3H4	2329
ERBB2	2330
GRB7	2331
MIEN1	2332
PNMT	2333
IGFBP4	2334
FKBP10	2335
MISP3	2336
NFIC	2337
PLPP2	2338
VAV1	2339
IFITM3	2340
PGGHG	2341
HUNK	2342
COL6A1	2343
COL6A2	2344
SIK1	2345
TRPM2	2346
APP	2347
DOP1B	2348
EMP3	2349
LMTK3	2350
CBLC	2351
WTIP	2352
ADAMTS10	2353
TM4SF5	2354
SLC47A1	2355
KLK3	2356
RCN3	2357
MMEL1	2358
PADI3	2359
FHAD1	2360
PADI1	2361
EPHA2	2362
ARHGEF19	2363
SH3BGRL3	2364
CNKSR1	2365
EVA1B	2366
SYTL1	2367
HSPG2	2368
CCN1	2369
PRKACB	2370
TINAGL1	2371
AZIN2	2372
PTPRF	2373
CYP4B1	2374
LMO4	2375
SLC44A3	2376
IGSF3	2377
ZNF697	2378
CD53	2379
CELSR2	2380
GPR161	2381
ATP1B1	2382
CREG1	2383
GPA33	2384
RXRG	2385
NECTIN4	2386
FCGR2A	2387
RGS5	2388
CRABP2	2389
ABL2	2390
RGS16	2391
HMCN1	2392
RGL1	2393
RORC	2394
TUFT1	2395
ECM1	2396
CGN	2397
ADAMTSL4	2398
CTSK	2399
MINDY1	2400
ANXA9	2401
SELENBP1	2402
HORMAD1	2403
DYRK3	2404
VASH2	2405
SUSD4	2406
DUSP10	2407
HHIPL2	2408
ATP8B2	2409
RAB13	2410
S100A8	2411
SLC27A3	2412
S100A7	2413
CREB3L4	2414
EFNA3	2415
FLG	2416
GALNT2	2417
SCCPDH	2418
LYST	2419
MAP3K21	2420
CEP170	2421
ITPKB	2422
CNIH3	2423
MBOAT2	2424
WNT9A	2425
EPHX1	2426
SOX13	2427
ETNK2	2428
PPFIA4	2429
PLEKHA6	2430
PTPN7	2431
OSR1	2432
RHOB	2433
GALM	2434
MEIS1	2435
MALL	2436
THNSL2	2437
SLC20A1	2438
FBLN7	2439
FAHD2B	2440
AFF3	2441
GALNT13	2442
ZNF385B	2443
TMEFF2	2444
CDCA7	2445
DLX1	2446
GULP1	2447
FAM171B	2448
SPAG16	2449
ABCA12	2450
ACKR3	2451
TRPM8	2452
HES6	2453
MARCHF4	2454
RBMS3	2455
OSBPL10	2456
ACKR2	2457
ITGA9	2458
CTDSPL	2459
STAC	2460
PTPRG	2461
LRIG1	2462
NFKBIZ	2463
COL8A1	2464
NXPE3	2465
PHLDB2	2466
PLA1A	2467
ADPRH	2468
IGSF11	2469
BOC	2470
TMEM108	2471
ALDH1L1	2472
TRPC1	2473
NCEH1	2474
UCN2	2475
ILDR1	2476
TM4SF19	2477
MUC4	2478
SLIT2	2479
ATP10D	2480
OCIAD2	2481
SCD5	2482
PLAC8	2483
SNCA	2484
CAMK2D	2485
ANK2	2486
USP53	2487
SFRP2	2488
RNF175	2489
PDGFC	2490
CYP4V2	2491
NKD2	2492
CDH18	2493
ADAMTS16	2494
MYO10	2495
OTULINL	2496
OSMR	2497
PLK2	2498
PIK3R1	2499
HAPLN1	2500
LHFPL2	2501
SSBP2	2502
IQGAP2	2503
PAM	2504
GTF2H2	2505
TNFAIP8	2506
MEGF10	2507
ARHGAP26	2508
CXCL14	2509
RNF145	2510
ZNF300	2511
N4BP3	2512
CPLX2	2513
TENM2	2514
FAM50B	2515
TBC1D7	2516
GFOD1	2517
DCDC2	2518
TRIM7	2519
TNFRSF21	2520
PPP1R18	2521
DAAM2	2522
MLIP	2523
LGSN	2524
SCUBE3	2525
TPBG	2526
PRSS35	2527
FAXC	2528
PM20D2	2529
RNF217	2530
RSPO3	2531
ARHGAP18	2532
ABRACL	2533
SLC18B1	2534
SLC2A12	2535
AIG1	2536
SLC22A3	2537
VWDE	2538
SDK1	2539
CREB5	2540
EGFR	2541
IGFBP3	2542
ZC3HAV1L	2543
EPHA1	2544
NLGN4X	2545
SHROOM2	2546
DENND2A	2547
SH3KBP1	2548
TMEM47	2549
SYTL5	2550
MSN	2551
SLC16A2	2552
CHST7	2553
CCDC120	2554
EBP	2555
IL2RG	2556
ZNF711	2557
RADX	2558
DOCK11	2559
GPC3	2560
MAGEA4	2561
ZNF185	2562
CSGALNACT1	2563
BIN3	2564
DOCK5	2565
RGS20	2566
TACC1	2567
TRIM55	2568
PMP2	2569
LACTB2	2570
ATP6V0D2	2571
SYBU	2572
LRP12	2573
MAL2	2574
FAM83A	2575
GSDMC	2576
SLC39A4	2577
NAPRT	2578
VLDLR	2579
NFIB	2580
PLIN2	2581
CDKN2B	2582
CDKN2A	2583
AOPEP	2584
ZNF462	2585
UGCG	2586
STOM	2587
GSN	2588
PTGES	2589
LCN2	2590
NOTCH1	2591
NACC2	2592
PROSER2	2593
FAM171A1	2594
PARD3	2595
ANKRD30A	2596
ZEB1	2597
LRMDA	2598
ADIRF	2599
ANKRD1	2600
HTR7	2601
ADD3	2602
PLEKHS1	2603
INA	2604
FUOM	2605
GSTO1	2606
ITPRIP	2607
ADAM12	2608
RGS10	2609
ADM	2610
SYT8	2611
ZNF215	2612
SERPING1	2613
SLC43A1	2614
PTPRJ	2615
SESN3	2616
ENDOD1	2617
CCDC82	2618
KLHL35	2619
TENM4	2620
SERPINH1	2621
CAPN5	2622
PAK1	2623
ZC3H12C	2624
NCAM1	2625
C11orf52	2626
GLB1L2	2627
ST14	2628
FADS1	2629
PLCH2	2630
FEZ1	2631
ESAM	2632
KIRREL3	2633
MPZL2	2634
TMEM25	2635
TAGLN	2636
JPH2	2637
DUSP15	2638
SOGA1	2639
FERMT3	2640
CDC42EP2	2641
TM7SF2	2642
DOC2A	2643
HMGA2	2644
MMP3	2645
MKX	2646
MPP7	2647
ITGB1	2648
ARID5B	2649
CDH8	2650
LATS2	2651
MIA2	2652
HNMT	2653
LYPD1	2654
LYPD6B	2655
PDCD4	2656
GPM6A	2657
VEGFC	2658
DLG2	2659
PRSS23	2660
PPP1R1C	2661
IL18	2662
FREM2	2663
CRIM1	2664
ITPR1	2665
SLC7A11	2666
GPR158	2667
CACNA2D4	2668
CACNA1C	2669
THRB	2670
TMEM86A	2671
BTBD11	2672
ANK3	2673
DIP2C	2674
MAGI1	2675
AKAP6	2676
MIPOL1	2677
KCTD14	2678
ME3	2679
ADAMTS12	2680
CCDC3	2681
FRMD4A	2682
EPS8	2683
QDPR	2684
ANO4	2685
TEX9	2686
EDNRA	2687
AKR1C2	2688
DPYSL4	2689
ADAM8	2690
INPP1	2691
MFSD6	2692
RNF144A	2693
FLI1	2694
TMEM45B	2695
WWC2	2696
ACSL1	2697
SLC25A4	2698
BICD1	2699
CCDC122	2700
SERP2	2701
ZNF385D	2702
TDO2	2703
SACS	2704
CCL28	2705
PARP8	2706
GFRA1	2707
DST	2708
SCHIP1	2709
KCNE4	2710
AP1S3	2711
CCDC74B	2712
PTPN14	2713
MGAT5	2714
TMEM163	2715
HSPB8	2716
SETBP1	2717
PSTPIP2	2718
PDE3B	2719
TCF7L1	2720
SPOCK1	2721
ZNF773	2722
ZNF256	2723
NMT2	2724
CCDC50	2725
CAMK4	2726
TRIM36	2727
ZFP36L2	2728
PLEKHH2	2729
PFKM	2730
SPEF2	2731
GJA1	2732
CCNO	2733
RASGRP3	2734
ANKRD22	2735
FARP1	2736
PRDM8	2737
HHEX	2738
UTRN	2739
PTPRK	2740
ZNF117	2741
MARVELD2	2742
PLOD2	2743
STK32B	2744
ZIC1	2745
MR1	2746
DAB2	2747
ACOXL	2748
CLGN	2749
SYCP2L	2750
BMP6	2751
MERTK	2752
PTPRR	2753
NR4A2	2754
PLA2R1	2755
RBMS1	2756
CD96	2757
SLC25A27	2758
ADGRF1	2759
ADGRF4	2760
ASAP1	2761
LPCAT1	2762
PLEKHG4B	2763
NMRAL1	2764
ADPRHL1	2765
CMTM7	2766
PTPRD	2767
LURAP1L	2768
CNKSR3	2769
JAZF1	2770
CMIP	2771
PID1	2772
KCTD15	2773
MCOLN2	2774
DDAH1	2775
DGKE	2776
MSI2	2777
CACNA2D1	2778
HS3ST3A1	2779
SEMA3D	2780
AK5	2781
CABYR	2782
ANKRD29	2783
CHST9	2784
THY1	2785
C16orf74	2786
ANKH	2787
UBASH3B	2788
ROBO3	2789
NRGN	2790
RETREG1	2791
CDH12	2792
GPR15	2793
ABI3BP	2794
ANGPT1	2795
PITPNC1	2796
PRKCA	2797
LRRK1	2798
CEP112	2799
ABCA5	2800
C4orf19	2801
UCHL1	2802
TNIK	2803
FAM167A	2804
PGM5	2805
OBSCN	2806
LONRF1	2807
ENAH	2808
C10orf90	2809
CNTNAP3B	2810
MAGED4	2811
PDLIM3	2812
SORBS2	2813
LY96	2814
CXADR	2815
BTG3	2816
C21orf91	2817
TMPRSS15	2818
NCAM2	2819
PDE1C	2820
ADAMTS1	2821
SLFN13	2822
WNT7A	2823
PLCL2	2824
APCDD1	2825
PIEZO2	2826
USP43	2827
RAB6B	2828
EPHB1	2829
ACSS1	2830
VOPP1	2831
PROM2	2832
PTPRN2	2833
PIP4P2	2834
MARVELD1	2835
GOLGA7B	2836
GPR78	2837
GRAMD2B	2838
SLC16A1	2839
SLC7A7	2840
MAGEC1	2841
PIK3AP1	2842
FZD7	2843
DEPTOR	2844
FMN2	2845
ELMO1	2846
SLC26A2	2847
PXYLP1	2848
CLIC2	2849
GRIP1	2850
MAGEA8	2851
PSD3	2852
MMP16	2853
KCNMA1	2854
BATF	2855
ADAMTS3	2856
ART3	2857
MAP3K7CL	2858
NAA11	2859
CLDN8	2860
TSPAN7	2861
TIAM1	2862
TDRD9	2863
FGF18	2864
PCDH1	2865
SH3RF2	2866
PPP2R2B	2867
HKDC1	2868
HK1	2869
CD109	2870
UBE2L6	2871
RAB11FIP1	2872
GLYATL2	2873
MAPK13	2874
FBXO32	2875
B3GNT7	2876
MPV17L	2877
NMNAT2	2878
RBPMS	2879
TMEM171	2880
TIMP4	2881
NRG1	2882
STEAP2	2883
MMP14	2884
FZD1	2885
SUSD3	2886
ST3GAL2	2887
CACNA1D	2888
ARSL	2889
KIT	2890
FAM81A	2891
MYO1E	2892
AFAP1L1	2893
TSC22D3	2894
KCNJ15	2895
ETS2	2896
TSPAN18	2897
MX1	2898
CREB3L1	2899
C2CD2	2900
PALM2AKAP2	2901
ZNF618	2902
DGKI	2903
SLC34A2	2904
ACAN	2905
FMNL2	2906
DPYSL5	2907
TNFRSF14	2908
RADIL	2909
KRTCAP3	2910
EXTL1	2911
TRIM63	2912
CFAP251	2913
DUSP2	2914
GRHL3	2915
GALNT14	2916
RHPN1	2917
DZIP1L	2918
TMSB15A	2919
MRAS	2920
FAIM	2921
TENT5B	2922
CLSTN2	2923
COLEC12	2924
RNF207	2925
GPR153	2926
SLC13A3	2927
GPRASP2	2928
RHBDL2	2929
AUTS2	2930
H2BC5	2931
H4C8	2932
TMSB15B	2933
TSPAN33	2934
PPP1R9A	2935
GDPD5	2936
DYNC1I1	2937
PAGE5	2938
TAGLN2	2939
SLC45A3	2940
DUSP23	2941
NBL1	2942
F11R	2943
NPM2	2944
CDA	2945
PINK1	2946
DMTN	2947
APOA2	2948
MPZ	2949
CACHD1	2950
EPB41	2951
SV2A	2952
LAD1	2953
STC1	2954
TNNI1	2955
CSRP1	2956
PRAC1	2957
HOXB13	2958
RCAN1	2959
CIART	2960
RUNX1	2961
IGF2BP1	2962
CBR1	2963
CBR3	2964
ACTC1	2965
SIM2	2966
ARHGAP27	2967
PTMS	2968
M1AP	2969
BTG2	2970
HK2	2971
C1R	2972
ALDH4A1	2973
THEM4	2974
ACE	2975
SPON2	2976
TPPP3	2977
ZFYVE28	2978
CARMIL2	2979
PIP	2980
RGS12	2981
ZYX	2982
ABR	2983
NPR2	2984
GNE	2985
CCDC28B	2986
ZNF362	2987
FNDC5	2988
CPAMD8	2989
ANKLE1	2990
KALRN	2991
ABCG1	2992
TFF3	2993
TFF2	2994
TFF1	2995
TMPRSS3	2996
RSPH1	2997
SLC37A1	2998
PDE9A	2999
CBS	3000
G6PD	3001
GATD3A	3002
ICOSLG	3003
ITGB2	3004
SPATC1L	3005
S100B	3006
CACFD1	3007
SLC2A6	3008
ZNF714	3009
GPSM1	3010
RDH13	3011
PKN3	3012
BRSK1	3013
MPZL3	3014
S100A1	3015
IL6R	3016
PAQR6	3017
LMNA	3018
NBEAL2	3019
AZGP1	3020
FGFR4	3021
LY6K	3022
LY6E	3023
COL26A1	3024
ORAI2	3025
SQSTM1	3026
FBXL13	3027
MFSD12	3028
USP41	3029
FBXO27	3030
DMKN	3031
BDH1	3032
ZNF382	3033
PGAP3	3034
FDXR	3035
CYGB	3036
ZNF577	3037
ITGA5	3038
ZNF385A	3039
MPP3	3040
EMC10	3041
SHANK1	3042
FAM171A2	3043
PLCD3	3044
FMNL3	3045
AQP5	3046
TAMALIN	3047
ALOX15	3048
CXCL16	3049
TNFSF13	3050
FGF11	3051
WDR90	3052
CCDC78	3053
MEIOB	3054
BICDL2	3055
ZG16B	3056
ZNF75A	3057
SHANK2	3058
ASRGL1	3059
LRP5	3060
FGF19	3061
PDZK1IP1	3062
ACOT11	3063
PLPP3	3064
SELENON	3065
AK4	3066
RBP7	3067
FBLIM1	3068
AKR7A3	3069
PDPN	3070
DHRS3	3071
LAPTM5	3072
SDC3	3073
SYNC	3074
KIAA1522	3075
CAMK2N1	3076
ALPL	3077
MXRA8	3078
MEGF6	3079
DIRAS3	3080
NFIA	3081
NEXN	3082
SNX7	3083
NTNG1	3084
FAM102B	3085
HENMT1	3086
GBP2	3087
GBP4	3088
BRINP3	3089
VCAM1	3090
CADM3	3091
TRIM58	3092
SLAMF9	3093
IGSF8	3094
DDR2	3095
PEA15	3096
VANGL2	3097
OLFML2B	3098
KLHDC9	3099
ATF3	3100
DENND2D	3101
SNED1	3102
C1orf115	3103
ACP6	3104
PKDCC	3105
HAAO	3106
IL24	3107
FCMR	3108
CAPN2	3109
CAPN13	3110
LRATD1	3111
ACTG2	3112
VSNL1	3113
CCDC74A	3114
SLC16A14	3115
EN1	3116
SGCB	3117
NOSTRIN	3118
SGPP2	3119
INHBB	3120
BBS5	3121
PDLIM5	3122
CTSS	3123
MSX1	3124
CDC42EP3	3125
S100A11	3126
IVL	3127
SPRR3	3128
SPRR2D	3129
S100A9	3130
TGFA	3131
ALPP	3132
NIPAL1	3133
ANTXR2	3134
GPR155	3135
PBXIP1	3136
CLDN1	3137
COL6A3	3138
INAVA	3139
IGFN1	3140
EIF4E3	3141
FSTL1	3142
ELF3	3143
IGFBP7	3144
ADORA1	3145
TGFBR2	3146
HDAC11	3147
FBLN2	3148
NFASC	3149
SERPINI1	3150
NUAK2	3151
IFI16	3152
AIM2	3153
EIF5A2	3154
RPL22L1	3155
FABP1	3156
CADPS	3157
CDS1	3158
PTPN13	3159
ALB	3160
PRICKLE2	3161
ADAMTS9	3162
PPM1K	3163
PTX3	3164
SMIM14	3165
ABHD6	3166
RBM47	3167
APBB2	3168
IL17RE	3169
PCOLCE2	3170
CXCL3	3171
CXCL5	3172
PPBP	3173
CXCL1	3174
TM4SF18	3175
CDCP1	3176
DTX3L	3177
NMNAT3	3178
ZC3H12A	3179
DNALI1	3180
KLF15	3181
LIPH	3182
RPL39L	3183
PRKCD	3184
ARHGEF3	3185
MELTF	3186
S100P	3187
EXO5	3188
SGMS2	3189
SLC9B2	3190
BDH2	3191
PLXNB1	3192
SPRY1	3193
MST1R	3194
PITX2	3195
PRSS12	3196
ANXA5	3197
MAP9	3198
GUCY1A1	3199
HPGD	3200
TMEM144	3201
GASK1B	3202
NPY1R	3203
IL15	3204
FAM160A1	3205
HHIP	3206
ITGA2	3207
SLC45A2	3208
EDIL3	3209
ELOVL7	3210
ADGRV1	3211
STARD4	3212
F2RL2	3213
ANKRD33B	3214
CMBL	3215
C5orf63	3216
F2RL1	3217
SPINK1	3218
ESM1	3219
RHOBTB3	3220
GPX8	3221
SERINC5	3222
ERAP1	3223
ERAP2	3224
EGFLAM	3225
FOXQ1	3226
CSF2	3227
SHROOM1	3228
GRIK2	3229
CGAS	3230
FABP7	3231
CITED2	3232
DCBLD1	3233
TMEM200A	3234
IL31RA	3235
STK17A	3236
GALNT10	3237
BMPER	3238
KCNK5	3239
KIF6	3240
SLC29A4	3241
STEAP1	3242
CDCA7L	3243
ELAPOR2	3244
SYTL3	3245
HEY1	3246
ZNF704	3247
FABP5	3248
COL1A2	3249
CHMP4C	3250
BRI3	3251
CTSB	3252
SOX17	3253
DLC1	3254
ADCY1	3255
SUN3	3256
HNF4G	3257
TNFRSF11B	3258
SBSPON	3259
EN2	3260
DEFB1	3261
TMEM184A	3262
NOS3	3263
MICALL2	3264
ALDH7A1	3265
OSR2	3266
BAALC	3267
FZD6	3268
CTHRC1	3269
TP53INP1	3270
FREM1	3271
GEM	3272
PDP1	3273
MYORG	3274
SYK	3275
ABCA1	3276
NFIL3	3277
LETM2	3278
TMEM71	3279
MAMDC2	3280
ALDH1A1	3281
RASEF	3282
C9orf64	3283
TRPV6	3284
FBP1	3285
PGAP4	3286
DYNLT3	3287
METTL27	3288
MID1IP1	3289
CLDN3	3290
WNK2	3291
NLGN4Y	3292
AQP3	3293
INTS6L	3294
CLDN2	3295
CFL2	3296
ZCCHC24	3297
PGM2L1	3298
SLC16A9	3299
GJB2	3300
CRYL1	3301
PKNOX2	3302
DEPP1	3303
ZNF22	3304
TMEM63C	3305
CDX2	3306
AKR1E2	3307
FAAH2	3308
DACT1	3309
BEND7	3310
COMTD1	3311
ZNF503	3312
TMEM52B	3313
DIPK1B	3314
RET	3315
JCAD	3316
NDRG2	3317
ARHGEF40	3318
BTNL9	3319
VWA2	3320
SALL2	3321
PRAP1	3322
HSPA12A	3323
UBTD1	3324
ANKRD2	3325
ARHGAP42	3326
LARGE2	3327
PACSIN3	3328
TTC7B	3329
TC2N	3330
IFI27	3331
CLMN	3332
PTER	3333
HACD1	3334
SMCO4	3335
ABTB2	3336
AMOTL1	3337
HTRA1	3338
PASD1	3339
SPRED1	3340
GPR176	3341
JAM3	3342
ADAMTS15	3343
GPT2	3344
AMN	3345
RAB8B	3346
IKBIP	3347
SPINT1	3348
FBN1	3349
CKB	3350
LARP6	3351
ALKBH3	3352
GABRB3	3353
CLMP	3354
C2	3355
PLEKHF1	3356
TMEM100	3357
SMPD1	3358
APBB1	3359
NETO1	3360
CYB5A	3361
IFTAP	3362
PPFIBP2	3363
CYB5R2	3364
SERPINB7	3365
SERPINB8	3366
TUB	3367
RIC3	3368
WDR72	3369
CRABP1	3370
ZMAT1	3371
DENND2B	3372
CDYL2	3373
PRTG	3374
MFAP4	3375
PRKCB	3376
HDGFL3	3377
CLEC3A	3378
CCDC68	3379
RIMKLB	3380
SEC11C	3381
CENPV	3382
RRAD	3383
ATF7IP2	3384
MMP10	3385
BEX3	3386
PLEKHA7	3387
ZNF606	3388
B2M	3389
NNMT	3390
SLFN5	3391
BMERB1	3392
FAM111A	3393
KIF7	3394
ANPEP	3395
SCNN1G	3396
RBPMS2	3397
NAV2	3398
GLYATL1	3399
MYO1A	3400
NAB2	3401
STAT6	3402
ELFN2	3403
STX3	3404
C15orf48	3405
SCG5	3406
GREM1	3407
SMAD3	3408
MAP1A	3409
MAPRE2	3410
EVA1C	3411
CNPY4	3412
NKX3-1	3413
PBX3	3414
GNGT2	3415
TMEM92	3416
FAM102A	3417
ACSF2	3418
CERCAM	3419
PRRX2	3420
UGT1A6	3421
PRR15L	3422
GPRC5B	3423
KATNAL2	3424
ZNF91	3425
IGF2	3426
TBC1D16	3427
MYO5B	3428
ACAA2	3429
OR51B5	3430
FN3K	3431
PRRT2	3432
TPM4	3433
JSRP1	3434
CACNB3	3435
CORO6	3436
TUBA1A	3437
ZNF528	3438
NCKAP5L	3439
CYP2S1	3440
AXL	3441
TMC4	3442
TTYH1	3443
CDC42EP5	3444
TMEM145	3445
PPP1R14A	3446
SPINT2	3447
C19orf33	3448
DNAAF3	3449
PSCA	3450
LY6D	3451
SEMA6B	3452
NXN	3453
KIFC2	3454
SLC43A2	3455
SRR	3456
HSD11B1L	3457
GGT6	3458
KLK1	3459
KLK4	3460
KLK2	3461
KLK5	3462
KLK6	3463
KLK11	3464
ZNF83	3465
KRT80	3466
RCOR2	3467
ANGPTL4	3468
CD320	3469
IGFBP6	3470
ZNF558	3471
NUDT8	3472
PRDX2	3473
HID1	3474
TMEM88	3475
EVPL	3476
MGAT5B	3477
TMC8	3478
RAB26	3479
ABCA3	3480
RAB3IL1	3481
BEST1	3482
FTH1	3483
TRANK1	3484
LTBP3	3485
CCDC88B	3486
SCARA3	3487
VASN	3488
FAM83B	3489
DDIT4	3490
GNG4	3491
KIF5C	3492
PXK	3493
ACOX2	3494
DEGS2	3495
FILIP1L	3496
MFSD2A	3497
TAP1	3498
BDKRB2	3499
MLKL	3500
RHOH	3501
SCNN1B	3502
HR	3503
RAB31	3504
BMP1	3505
CAVIN2	3506
MTCL1	3507
GBX2	3508
SERINC2	3509
MYL1	3510
COL3A1	3511
ADAM9	3512
GDNF	3513
AXIN2	3514
UGT3A2	3515
LRATD2	3516
LDLRAD4	3517
SLC16A4	3518
IL7R	3519
PKIG	3520
NPNT	3521
FAM178B	3522
SEMA4C	3523
GSTM4	3524
SHOX2	3525
TSPAN5	3526
NSG1	3527
FSTL5	3528
ATOH8	3529
VAMP5	3530
PLA2G4F	3531
ZNF608	3532
SLC35G2	3533
INPP5D	3534
PPIC	3535
STXBP6	3536
LGALS9	3537
CPLX1	3538
PXDC1	3539
KLK7	3540
IRS1	3541
VCX3A	3542
ROR2	3543
AR	3544
CHST14	3545
PARM1	3546
FAM110B	3547
ARMC4	3548
AFAP1L2	3549
ATF5	3550
CPT1C	3551
PCSK9	3552
RAB3B	3553
RGS14	3554
THBS3	3555
EFNA1	3556
CXCL10	3557
SH3TC2	3558
ADRB2	3559
B3GALNT1	3560
NR0B1	3561
STK32A	3562
PTK2	3563
PTAFR	3564
CXCL8	3565
SCN9A	3566
RASSF6	3567
COL22A1	3568
SDC2	3569
SPRR1B	3570
PLEKHA2	3571
CLIC4	3572
CCDC8	3573
MUC15	3574
ZEB2	3575
GJB1	3576
CLIC3	3577
BNC1	3578
ANTXR1	3579
FASN	3580
MT1E	3581
RAC3	3582
NRG4	3583
NLGN1	3584
LINGO1	3585
PCDH7	3586
ROBO1	3587
CTNND2	3588
WNT10B	3589
REPS2	3590
MUC3A	3591
TPST1	3592
TM4SF4	3593
TM4SF1	3594
KLF13	3595
IFFO2	3596
NLGN2	3597
MYO7B	3598
TMEM154	3599
ALCAM	3600
SIMC1	3601
SERPINA6	3602
HOXD4	3603
CHRNB1	3604
SLC16A5	3605
FABP6	3606
FAXDC2	3607
CRTAP	3608
CMTM8	3609
UBB	3610
FABP4	3611
FOS	3612
EMX2	3613
CST1	3614
SEMA3E	3615
DCLK2	3616
GPRC5C	3617
KRT8	3618
ADORA2B	3619
MGMT	3620
METTL7B	3621
KRT86	3622
DENND5B	3623
CD14	3624
MZB1	3625
KRT4	3626
NPAS2	3627
KISS1	3628
LONRF2	3629
COX7B2	3630
ELOVL6	3631
PFKFB3	3632
SERPINB9	3633
SMAGP	3634
IRX1	3635
CDH2	3636
IRX2	3637
EMB	3638
SIX2	3639
DLGAP1	3640
FOXA3	3641
SGCD	3642
GTSF1	3643
RASA4B	3644
HOXB9	3645
KCNS3	3646
GPR37	3647
SDR16C5	3648
HTRA3	3649
GPR27	3650
MTSS1	3651
CYTL1	3652
GSTA4	3653
PAQR8	3654
TANC2	3655
ZNF415	3656
CAVIN3	3657
HAS2	3658
PDGFD	3659
S1PR1	3660
HS6ST2	3661
PYGO1	3662
LRRC8E	3663
PKIA	3664
SOX7	3665
FUT3	3666
ATP6V0E2	3667
NETO2	3668
CDC42BPG	3669
JUNB	3670
FAM241B	3671
TMEM37	3672
UGT2B7	3673
LRG1	3674
SOSTDC1	3675
NPTX1	3676
ZNF439	3677
GAA	3678
CHST11	3679
KRT19	3680
KRT15	3681
APLN	3682
KRT13	3683
NAT1	3684
KRT20	3685
MCC	3686
DSEL	3687
DLK2	3688
HOPX	3689
LRRC8C	3690
LPAR3	3691
PTGER4	3692
FGG	3693
FGA	3694
FGB	3695
CXXC5	3696
PIK3CD	3697
ENC1	3698
SPSB1	3699
P2RY6	3700
ZIK1	3701
PLEKHG5	3702
TCEA2	3703
TMEM51	3704
LGALS4	3705
LRRC34	3706
GATM	3707
SYCE1	3708
BCL2	3709
PWWP2B	3710
NINJ2	3711
MLLT3	3712
PTEN	3713
PRNP	3714
FRMD5	3715
CYP4F11	3716
TLN2	3717
ZNF217	3718
SRGAP2C	3719
SCG2	3720
SYNPO	3721
MAL	3722
GAP43	3723
EPHX4	3724
LAMB2	3725
ORMDL3	3726
KRCC1	3727
SLFN12	3728
CALB2	3729
FRMD3	3730
SNTB1	3731
ISG20	3732
MBOAT1	3733
ID4	3734
CEBPB	3735
CLEC7A	3736
CERS6	3737
SPTLC3	3738
RCAN2	3739
IL16	3740
ARNT2	3741
GNG12	3742
PRSS27	3743
IL17D	3744
TCEAL1	3745
MAB21L4	3746
NIPAL4	3747
MUCL1	3748
PDE3A	3749
SMPDL3A	3750
RND1	3751
EFEMP2	3752
ZNF738	3753
SLFN11	3754
CORO1B	3755
CYP7B1	3756
OVOL1	3757
RARG	3758
CES4A	3759
CES3	3760
SSH3	3761
EGFL7	3762
DHCR7	3763
MYEOV	3764
MYD88	3765
SH3RF3	3766
GXYLT2	3767
BNC2	3768
HPSE	3769
RHOD	3770
PARP14	3771
ABLIM3	3772
GLRX	3773
SYT12	3774
SNCG	3775
MMRN2	3776
TRIB1	3777
OLR1	3778
DAG1	3779
SAA1	3780
AGR3	3781
PTPRM	3782
PEAK1	3783
TNFRSF10D	3784
CSPG4	3785
NABP1	3786
CCDC106	3787
PC	3788
LRFN4	3789
UQCRH	3790
MUC13	3791
SUSD5	3792
HEG1	3793
JUP	3794
TDRD12	3795
NET1	3796
DPY19L1	3797
GPR160	3798
CBX2	3799
SPTBN2	3800
GOLIM4	3801
HOXB2	3802
C1QTNF1	3803
MARCHF3	3804
NRROS	3805
CTSF	3806
MSRB3	3807
TLR6	3808
RGMB	3809
ADCY6	3810
TNK1	3811
PHLDA3	3812
CNTNAP2	3813
IL20RB	3814
GOLT1A	3815
UGT8	3816
SLCO2A1	3817
SLC29A2	3818
BRSK2	3819
SH3PXD2B	3820
RESF1	3821
RIN1	3822
FZD4	3823
CD248	3824
BTC	3825
PDZK1	3826
CNIH2	3827
SEZ6L2	3828
ASPHD1	3829
FUT1	3830
CTBP2	3831
CHST2	3832
DES	3833
MARCKSL1	3834
ABO	3835
CSRP2	3836
DDIT3	3837
PCCA	3838
CHST1	3839
GOLGA8A	3840
TP53I11	3841
PHYHD1	3842
CATSPER1	3843
CST6	3844
GRAMD2A	3845
NRIP3	3846
SCUBE2	3847
LPL	3848
MCTP1	3849
CLCF1	3850
KCNE3	3851
CABP4	3852
LONRF3	3853
UCP2	3854
P2RY2	3855
FOSL1	3856
SUGCT	3857
CCDC85B	3858
TOM1L2	3859
MTLN	3860
KDF1	3861
NR2F1	3862
SFN	3863
MSRA	3864
ETV4	3865
BAIAP2	3866
HOXD8	3867
PLEKHF2	3868
A2M	3869
ARL4D	3870
DOK7	3871
LRRN1	3872
TUBB6	3873
NUPR1	3874
JAKMIP2	3875
CRYBG2	3876
GPX2	3877
CCDC57	3878
FOXG1	3879
SPHK1	3880
BNIP3	3881
ACBD7	3882
ZNF135	3883
HSD11B2	3884
RIMS2	3885
SLCO3A1	3886
PLAAT3	3887
DIRAS1	3888
PRR15	3889
GNG7	3890
KBTBD11	3891
B3GNT5	3892
MYO1D	3893
FOXL1	3894
BDNF	3895
BOK	3896
BASP1	3897
IRX5	3898
METRNL	3899
GRIN1	3900
SOX11	3901
TCIM	3902
FUT2	3903
MUC20	3904
DPP7	3905
PHETA2	3906
EPS8L2	3907
FZD8	3908
ZBTB38	3909
PPFIA3	3910
SAMD9L	3911
PAWR	3912
NAP1L5	3913
ERICH5	3914
ACOT4	3915
CAVIN1	3916
ZBED2	3917
IRX3	3918
ATOX1	3919
SAMD12	3920
JUN	3921
PGBD5	3922
CD163L1	3923
SRRM3	3924
CRACR2B	3925
FAM20C	3926
NECTIN3	3927
ANXA2R	3928
PCDHB9	3929
ZNF354C	3930
ODF3B	3931
DPY19L2	3932
LRRC75B	3933
ADAMTSL1	3934
ALS2CL	3935
MLF1	3936
STAP2	3937
BOLA1	3938
PDE4DIP	3939
ZNF114	3940
ZNF518B	3941
SPINK6	3942
POGLUT3	3943
PLEC	3944
RNF212	3945
GALNT11	3946
SHISA3	3947
CALML5	3948
DNAJC22	3949
GLDC	3950
P4HTM	3951
DTX3	3952
CTXN1	3953
CA8	3954
MAF	3955
GPR35	3956
PARP10	3957
KCTD12	3958
RPP25	3959
THBD	3960
ERFE	3961
ZHX2	3962
CPNE7	3963
C5orf46	3964
OPLAH	3965
TMEM52	3966
TMEM139	3967
MSC	3968
APOLD1	3969
RFLNA	3970
FOXE1	3971
HYI	3972
ZNF552	3973
TRIML2	3974
TMTC2	3975
FUCA1	3976
TMEM125	3977
MAGED1	3978
LDLRAD3	3979
CDH4	3980
NSUN7	3981
WSCD1	3982
HLA-DQB1	3983
GATA2	3984
ARID3B	3985
EGR3	3986
VWA1	3987
FJX1	3988
MKRN3	3989
ZBTB18	3990
CIITA	3991
CDC42EP4	3992
ZBTB42	3993
ARL14	3994
PCED1B	3995
APOBEC3B	3996
MYADM	3997
CITED4	3998
B3GNT3	3999
SSC5D	4000
ANKRD18A	4001
LYNX1	4002
TH	4003
TDRP	4004
MYLPF	4005
FGD6	4006
ALX1	4007
FZD2	4008
HCLS1	4009
MTURN	4010
GAS1	4011
NRIP1	4012
RNF182	4013
TSPYL5	4014
H2AC6	4015
H2BC4	4016
MB21D2	4017
SLC47A2	4018
TMEM64	4019
SHISA2	4020
S1PR5	4021
CLRN3	4022
GPR157	4023
SLC36A4	4024
ANKRD30B	4025
ARSJ	4026
HOXC9	4027
HOXC10	4028
CUEDC1	4029
OXTR	4030
FAM83H	4031
TCEAL8	4032
ZFP82	4033
NQO1	4034
RPH3AL	4035
MAPK15	4036
F2R	4037
MUC16	4038
H2AW	4039
TLCD5	4040
DDX60L	4041
SYNE4	4042
AATK	4043
SAGE1	4044
ZNF467	4045
SOX2	4046
TMEM45A	4047
FDCSP	4048
SLX1B	4049
PHLDA2	4050
ATG9B	4051
ZNF875	4052
GPR3	4053
ADGRB1	4054
CLDN7	4055
CCDC149	4056
PNMA8A	4057
CHST15	4058
IDH2	4059
TMEM30B	4060
FAM89A	4061
RGMA	4062
UBA7	4063
LDOC1	4064
EXT1	4065
BACE2	4066
UBE2E2	4067
SYNM	4068
FIGN	4069
B4GALNT4	4070
AP1S2	4071
SPACA6	4072
C1S	4073
PLCXD1	4074
NXPH4	4075
CAPN12	4076
BGN	4077
FES	4078
MXRA7	4079
LIMK2	4080
SATB1	4081
EPHB3	4082
EPGN	4083
TSPAN10	4084
PLCB1	4085
NDN	4086
NTM	4087
TSKU	4088
ANXA2	4089
HOXB4	4090
PAQR7	4091
PAPPA	4092
HCAR2	4093
C1orf116	4094
CRIP2	4095
VMO1	4096
GALNT9	4097
COL18A1	4098
TCEAL7	4099
SPATA13	4100
GJC1	4101
CADM1	4102
ZNF320	4103
SPNS2	4104
SLC8A1	4105
PCP4	4106
ABAT	4107
CAMK1D	4108
NKX2-5	4109
GAS6	4110
NEB	4111
BEGAIN	4112
GPC6	4113
ARHGEF37	4114
CSMD1	4115
CHST6	4116
PRR36	4117
CCBE1	4118
MAGEA2B	4119
FHL3	4120
C19orf71	4121
CCDC159	4122
RIPK4	4123
GPR132	4124
MX2	4125
TENT5C	4126
SERHL2	4127
PCBP3	4128
FBXL7	4129
FAM167B	4130
DGCR6	4131
ZNF530	4132
PSG9	4133
GPR1	4134
RFLNB	4135
NOG	4136
UPP1	4137
LHFPL6	4138
CMTM4	4139
ASCL2	4140
MACC1	4141
ACP7	4142
KREMEN1	4143
AIFM3	4144
ZNF703	4145
SLC35F3	4146
NPIPA5	4147
GPR39	4148
FAM3B	4149
KIRREL1	4150
ARSI	4151
UTY	4152
SRARP	4153
PRKX	4154
SMTN	4155
NPW	4156
ST6GALNAC3	4157
TMPRSS2	4158
DENND5A	4159
CTAG1B	4160
TBX1	4161
ADRA2C	4162
PCDH9	4163
ACOT1	4164
OAF	4165
ALDH1A3	4166
TACSTD2	4167
PRKD1	4168
ZDHHC23	4169
SLIT3	4170
EFNA5	4171
PKP3	4172
MAP7D2	4173
CSF1	4174
COLEC10	4175
PLA2G6	4176
MAML2	4177
POU3F2	4178
PTP4A3	4179
TMEM255B	4180
PROS1	4181
BEX5	4182
DUSP8	4183
SOCS3	4184
SLITRK6	4185
STING1	4186
PDE4B	4187
NELL2	4188
ZNF93	4189
SEPTIN9	4190
H2BC21	4191
CLDN6	4192
SEPTIN5	4193
LRRC26	4194
RNLS	4195
FAM110C	4196
SMIM10	4197
OSBP2	4198
ZBTB7C	4199
PRR16	4200
SDR42E1	4201
ARMCX2	4202
BTBD6	4203
JAG2	4204
FMNL1	4205
WT1	4206
USP18	4207
SORCS2	4208
TMEM121	4209
ROBO2	4210
MAFF	4211
SEMA4B	4212
SLC24A3	4213
FLRT2	4214
RPS27L	4215
MANEAL	4216
ADSS1	4217
ANO9	4218
FAM43A	4219
INPP5J	4220
SIGIRR	4221
IFITM2	4222
TNFAIP2	4223
TCEAL9	4224
MAGEA11	4225
NOTUM	4226
RBM11	4227
SOCS1	4228
TCN2	4229
GAS2L1	4230
MAPK11	4231
SP140L	4232
SMYD3	4233
METTL7A	4234
FAM174B	4235
KRT6B	4236
STAC3	4237
ROR1	4238
MUC1	4239
IRF7	4240
NR2F2	4241
LSAMP	4242
AHNAK2	4243
OLFML2A	4244
PBX1	4245
NDUFA4L2	4246
SHC4	4247
ZFP36L1	4248
NTF3	4249
PMEL	4250
PRAME	4251
MYBL1	4252
IFIT1	4253
KCNQ5	4254
IKZF1	4255
NAT8L	4256
DNAH14	4257
EVI2B	4258
IFITM1	4259
KLHDC8B	4260
PTCH1	4261
RTN4RL1	4262
IRS2	4263
TMLHE	4264
RASA3	4265
LEMD1	4266
KRT5	4267
GSAP	4268
BCL9L	4269
SAPCD2	4270
EDARADD	4271
CYP4F12	4272
MTARC1	4273
SOWAHB	4274
GPAT2	4275
BACE1	4276
THBS2	4277
RXRA	4278
GNG2	4279
BTN3A2	4280
PCLO	4281
INSIG1	4282
C5orf38	4283
ARHGAP30	4284
SEPTIN10	4285
CYP4F3	4286
CEACAM19	4287
NF2	4288
HPDL	4289
PRR5	4290
CYP27C1	4291
KRT16	4292
KRT14	4293
TRABD2A	4294
MAPT	4295
TNFRSF18	4296
C1QL4	4297
RTN4RL2	4298
EMID1	4299
ESPN	4300
TMEM216	4301
TEAD1	4302
MITF	4303
LYPD6	4304
AKR1C1	4305
FOXD3	4306
SHTN1	4307
AL162231.1	4308
MT1X	4309
GCNT1	4310
SESTD1	4311
FNBP1	4312
DYNC2H1	4313
MAGED4B	4314
BCAM	4315
FAM9C	4316
C11orf96	4317
COL4A1	4318
PLEKHN1	4319
MAGEH1	4320
ISG15	4321
SAMD11	4322
SPRY4	4323
TRPV2	4324
C2orf88	4325
THSD4	4326
SEMA4D	4327
LIN28B	4328
PEAR1	4329
H1-2	4330
EIF4EBP1	4331
PALM3	4332
DMBT1	4333
COL14A1	4334
DNER	4335
RINL	4336
S100A3	4337
ARL4C	4338
RAB42	4339
WNT7B	4340
FAM25A	4341
C6orf132	4342
MAPK12	4343
COL4A5	4344
AGRN	4345
NHS	4346
ZNF626	4347
ZNF793	4348
PLA2G2A	4349
HES4	4350
IGFL1	4351
PLSCR1	4352
ZNF559	4353
SBK1	4354
CIBAR1	4355
ZP3	4356
C10orf99	4357
CERKL	4358
SLC24A5	4359
IER5L	4360
SERPINA5	4361
NCCRP1	4362
FAM83G	4363
HBA2	4364
CCDC9B	4365
NANOS1	4366
DPYD	4367
S100A16	4368
PARVB	4369
ZBED6CL	4370
FAM221A	4371
BCL2L15	4372
ZDHHC11	4373
CALHM6	4374
FAM78B	4375
KLRG2	4376
LRRK2	4377
GJB3	4378
C9orf152	4379
CGB5	4380
RELN	4381
FAM111B	4382
APOD	4383
H1-0	4384
GAGE2A	4385
LITAF	4386
SP6	4387
CLDN4	4388
S100A13	4389
PCDH18	4390
ZNF600	4391
MAOA	4392
GJB5	4393
FHIT	4394
S100A14	4395
KAZN	4396
ALG1L	4397
KIAA0408	4398
GSPT2	4399
CXCL17	4400
MMP23B	4401
SH2D5	4402
SYCP2	4403
IL1RAP	4404
HLA-DRB1	4405
SERPINA3	4406
AKR1C3	4407
SPATS2L	4408
S100A4	4409
PLEKHG4	4410
TMEM63A	4411
CTSE	4412
SEMA4A	4413
HRCT1	4414
GREB1	4415
RYR1	4416
SFTA2	4417
ZNF493	4418
CD55	4419
NUDT11	4420
SRGAP2B	4421
FUT4	4422
EVL	4423
EPHB4	4424
NPIPB15	4425
ZNF569	4426
ARMCX4	4427
SULT1A1	4428
TCEAL3	4429
SLC6A9	4430
AFAP1	4431
SPTSSB	4432
MME	4433
CACNA1H	4434
SULF2	4435
HBG2	4436
PLXNB2	4437
MYO6	4438
MMP1	4439
TCF4	4440
SDHAF3	4441
HRH1	4442
HSH2D	4443
ZNF512B	4444
ZNF418	4445
DAPK1	4446
HLA-DQA1	4447
COL27A1	4448
GM2A	4449
H2AC13	4450
S100A2	4451
CD47	4452
TLE1	4453
ZNF239	4454
ADA	4455
ARID5A	4456
ZFP28	4457
CRACDL	4458
LAMB3	4459
HCAR1	4460
PDLIM7	4461
FLNA	4462
FAM3C	4463
CASP4	4464
ZNF585A	4465
ANXA4	4466
ZNF429	4467
ANXA6	4468
SIGLEC15	4469
ARRDC1	4470
KIAA1671	4471
GAL3ST4	4472
SLC6A17	4473
SLC25A29	4474
SRC	4475
ZNF682	4476
ZNF772	4477
ZNF257	4478
ACSL5	4479
ZNF785	4480
SULT1A2	4481
MAGEA6	4482
NOL4L	4483
CYSRT1	4484
H4C11	4485
SERPINA1	4486
KANK2	4487
C6orf141	4488
SVIL	4489
PELI1	4490
ZNF655	4491
UAP1L1	4492
ZNF675	4493
SLC22A5	4494
ADARB1	4495
VEPH1	4496
OGDHL	4497
STMN3	4498
PDGFA	4499
COL13A1	4500
ZNF695	4501
SLC2A10	4502
ZNF665	4503
MYO5A	4504
COL4A6	4505
HOXA4	4506
ENPP1	4507
ZNF841	4508
MFAP5	4509
SERPINB2	4510
DPP4	4511
PDCD1LG2	4512
ZNF433	4513
NMB	4514
PARVA	4515
FAM114A1	4516
PSAP	4517
S100A10	4518
HOXC6	4519
CFD	4520
OCLN	4521
INKA2	4522
CYRIA	4523
H2BC12	4524
TEAD4	4525
ZNF677	4526
ZNF347	4527
PLCG2	4528
FCHSD1	4529
S100A6	4530
MBP	4531
ELOVL2	4532
SPANXA1	4533
TUBA3C	4534
ZNF667	4535
SIRPA	4536
AKR1B10	4537
NUP62CL	4538
ZNF649	4539
TOR4A	4540
LPAR1	4541
MB	4542
ZNF544	4543
TMEM229B	4544
SOWAHC	4545
HMGN5	4546
SVIP	4547
ZNF334	4548
HSD17B11	4549
SULT1C2	4550
RPS6KL1	4551
CSF2RA	4552
SLC29A3	4553
CARD11	4554
PEG3	4555
MYL4	4556
HOXC4	4557
ASPH	4558
MT1F	4559
ZNF69	4560
TXNRD1	4561
NRARP	4562
ZNF568	4563
ZNF480	4564
TPM2	4565
SH3BGRL2	4566
HLA-DRB5	4567
ATL1	4568
ZNF43	4569
ZNF28	4570
ITGBL1	4571
CTNND1	4572
SPANXC	4573
MMP17	4574
CCDC69	4575
KLHL9	4576
TUSC1	4577
MAGEA1	4578
PAPSS2	4579
ABCA4	4580
EIF1AY	4581
GLMP	4582
DLL1	4583
ECI2	4584
PPP1R14C	4585
SMOC1	4586
PLXNB3	4587
COLGALT2	4588
EPS8L3	4589
APCDD1L	4590
RCSD1	4591
FAM169A	4592
MUC2	4593
SCAMP5	4594
ZNF521	4595
ALPK2	4596
PNP	4597
PAX9	4598
ZNF358	4599
INPP5F	4600
SELENOM	4601
TOX	4602
CES1	4603
RUSC2	4604
GRK5	4605
SFMBT2	4606
PNMA5	4607
ITPRIPL1	4608
PRMT6	4609
SHISA4	4610
L1CAM	4611
RASGEF1A	4612
CSAG1	4613
TBKBP1	4614
DMD	4615
MFAP3L	4616
TGM2	4617
ARMCX6	4618
ZNF525	4619
IQANK1	4620
CAPN8	4621
RAET1G	4622
SAMD5	4623
FAM229B	4624
FANK1	4625
PLPP4	4626
H2AC18	4627
HSD3B1	4628
SPANXA2	4629
RTL8A	4630
ZYG11A	4631
CT83	4632
FOXO6	4633
MAFB	4634
C2orf72	4635
TMEM273	4636
GPRIN2	4637
PTPN20	4638
TCEA3	4639
HSD17B8	4640
HLA-DOA	4641
HLA-DMA	4642
COL5A2	4643
PSMB8	4644
TAP2	4645
HLA-DRA	4646
COL15A1	4647
SP5	4648
XAGE1A	4649
LAYN	4650
XAGE1B	4651
SLC44A4	4652
HSPA1B	4653
HSPA1A	4654
CARD16	4655
MICB	4656
MICA	4657
HLA-C	4658
POU5F1	4659
PSORS1C1	4660
C6orf15	4661
DDR1	4662
HLA-E	4663
ZNF468	4664
TRIM15	4665
TRIM31	4666
TBC1D8	4667
HLA-F	4668
GABBR1	4669
RANBP17	4670
MROH6	4671
IGFL2	4672
PSG5	4673
SPIRE2	4674
AARD	4675
TRIQK	4676
ZBTB10	4677
LGR4	4678
VIT	4679
ADGRG1	4680
MT1A	4681
INSYN1	4682
MT1M	4683
CFI	4684
SAMD9	4685
KRT6A	4686
KRT81	4687
TP53TG3D	4688
CCDC85C	4689
RGL3	4690
TMSB4X	4691
CPT1B	4692
SMN2	4693
MUC19	4694
SMIM11A	4695
ITPRIPL2	4696
DENND1C	4697
GAGE1	4698
KLRC2	4699
NYNRIN	4700
SERPINB5	4701
ZDHHC11B	4702
HBA1	4703
ATP10A	4704
HLA-A	4705
VGLL3	4706
GPX3	4707
DIO2	4708
STK38L	4709
SLC48A1	4710
KRTAP2-3	4711
RTL8B	4712
RNF208	4713
CGB8	4714
TCTEX1D2	4715
CRIP1	4716
FAM24B	4717
TRIM59	4718
MLLT11	4719
ASIC3	4720
ARHGEF35	4721
NRAS	4722
GSTM2	4723
MAGEA12	4724
GPC2	4725
HEXA	4726
LBH	4727
SULT1A4	4728
GPSM3	4729
LAT	4730
TREX1	4731
S1PR3	4732
DDAH2	4733
ZNF134	4734
ZNF888	4735
EMP2	4736
UBD	4737
IRF9	4738
HBE1	4739
CLDN9	4740
ITGA1	4741
ZNF726	4742
AP1G2	4743
ZNF90	4744
TTLL3	4745
TSPAN4	4746
SH3D21	4747
SMIM30	4748
ANG	4749
COLCA2	4750
NEURL1B	4751
AS3MT	4752
STARD10	4753
CPEB1	4754
NPIPA8	4755
ARHGEF28	4756
MUC5AC	4757
GOLGA8B	4758
NPEPL1	4759
RPL17-C18orf32	4760
TNFRSF25	4761
TSTD1	4762
IFI30	4763
TENM3	4764
TAFA5	4765
MAGEA3	4766
CEBPD	4767
HMSD	4768
NPTXR	4769
ZNF880	4770
TRIM16	4771
SLC12A8	4772
APOL6	4773
FADS3	4774
PPT2	4775
BTBD19	4776
CKMT1A	4777
CERS1	4778
HLA-DPB1	4779
C4B	4780
CTAGE4	4781
NTF4	4782
ELFN1	4783
HSBP1L1	4784
ERVMER34-1	4785
LTA	4786
C14orf132	4787
ZNF717	4788
SPANXB1	4789
AKR1B15	4790
LTB	4791
FNDC10	4792
CT45A5	4793
PRAC2	4794
ANKRD18B	4795
HLA-DPA1	4796
PSG1	4797
TNF	4798
LYRM9	4799
PHGR1	4800
GPX1	4801
TMEM238	4802
TWIST2	4803
PAGE2	4804
ZNF736	4805
HLA-B	4806
APOC2	4807
ANKRD65	4808
ZSCAN31	4809
C12orf75	4810
SMIM1	4811
KIAA0040	4812
PNMA6A	4813
ARHGEF38	4814
B3GNT9	4815
CKMT1B	4816
RNF223	4817
ZNF737	4818
SHISA9	4819
HLA-DQA2	4820
C2orf74	4821
PAGE2B	4822
STPG4	4823
TNFSF12	4824
APOBEC3G	4825
C1orf226	4826
PSMB9	4827
PCDHGC3	4828
SMKR1	4829
AQP1	4830
PNMA2	4831
KRBOX1	4832
ARHGEF25	4833
PLCXD2	4834
CDRT1	4835
CD302	4836
EGFL8	4837
ARHGAP8	4838
UGT1A1	4839
PLEKHO2	4840
PWP2	4841
ARHGDIG	4842
PEG10	4843
ARPIN	4844
UGT1A10	4845
HLA-DMB	4846
CCDC169	4847
RTL5	4848
EIF4EBP3	4849
PSG4	4850
MICAL3	4851
PRAF2	4852
TICAM2	4853
C4orf48	4854
TNFRSF6B	4855
UPK3B	4856
CFB	4857
TMEM35B	4858
OR2A7	4859
ZNF512	4860
GSTA1	4861
IFITM10	4862
DBNDD2	4863
ETV5	4864
SCARF2	4865
APOBEC3C	4866
CTAGE8	4867
C4A	4868
HBB	4869
ZNF585B	4870
CEBPA	4871
H2AJ	4872
ADH1C	4873
PRR5-ARHGAP8	4874
FMN1	4875
TMEM150C	4876
TMEM158	4877
ARPC4-TTLL3	4878
TRMT9B	4879
CHCHD10	4880
GPR162	4881
SELENOP	4882
MSANTD3-TMEFF1	4883
FOXD1	4884
C8orf88	4885
CCDC71L	4886
HOXA10	4887
TMEM200B	4888
C1orf210	4889
TRNP1	4890
PCDHGA11	4891
CLDN23	4892
LYN	4893
MEX3A	4894
SLC22A18AS	4895
EID3	4896
EID1	4897
TRIL	4898
CTSO	4899
TRAPPC2B	4900
ZNF486	4901
SMIM3	4902
LIMS4	4903
ZNF350	4904
ZNF253	4905
MGAM2	4906
SPESP1	4907
TRIM34	4908
RNASE4	4909
MC1R	4910
TUBB3	4911
TMEM179	4912
NDUFC2-KCTD14	4913
ITGB3	4914
SLC22A31	4915
HOXB7	4916
CCPG1	4917
TMEM178B	4918
EPPK1	4919
MIA	4920
SPON1	4921
MYZAP	4922
FAM72C	4923
IKBKE	4924
MSMB	4925
RHEX	4926
ANXA8L1	4927
GJA5	4928
ANXA8	4929
CFAP298-TCP10L	4930
ZNF488	4931
TXNIP	4932
BAHCC1	4933
RASSF5	4934
MYO15B	4935
UPK3BL1	4936
SMIM22	4937
MAGEA9B	4938
SLC6A14	4939
ARL14EPL	4940
SSX2B	4941
MAGEA2	4942
CTAG1A	4943
CSAG2	4944
CSAG3	4945
CT45A1	4946
CT45A3	4947
FBXO17	4948
NXF2	4949
CT45A10	4950
H4C15	4951
H4C14	4952
RASL10B	4953
SRXN1	4954
MMP28	4955
CCL5	4956
LIX1L	4957
MILR1	4958
H2AC19	4959
CD24	4960
ZNF595	4961
PCDHB16	4962
C2orf15	4963
SNURF	4964
H3-2	4965
LHX1	4966
H2BC8	4967
GAGE13	4968
CBSL	4969
TBC1D3L	4970
GAGE2E	4971
PRAG1	4972
FCGBP	4973
HNF1B	4974
FP565260.1	4975
ARHGAP23	4976
PRSS2	4977
SIK1B	4978
PCDHGB5	4979
RAB7B	4980
DACH1	4981
H2AC8	4982
F8A3	4983
F8A1	4984
SRCIN1	4985
MARCKS	4986
NEFL	4987
H2AB3	4988
RDM1	4989
ZNF229	4990
TMEM191B	4991
H3C10	4992
GATD3B	4993
PCDH20	4994
TMEM265	4995
IQCJ-SCHIP1	4996
CNTNAP3C	4997
FAM95C	4998
UPK3BL2	4999
ABCF2-H2BE1	5000
